Terms,Frequency absolute,Frequency Relative
zyzzRave,19,"0,138272323702787"
zyzzPls,1,"0,00727749072119933"
zyzzDancezyzzDancezyzzDancezyzzDancezyzzDancezyzzDancezyzzDancezyzzDancezyzzDancezyzzDancezyzzDancezyzzDancezyzzDancezyzzDance,1,"0,00727749072119933"
zyzzDance,32,"0,232879703078379"
zyzz,1,"0,00727749072119933"
ZWEAR,1,"0,00727749072119933"
zooombie,1,"0,00727749072119933"
zombie,2,"0,0145549814423987"
Zombie,1,"0,00727749072119933"
zeuss,5,"0,0363874536059967"
zeus,3,"0,021832472163598"
Zero,1,"0,00727749072119933"
zerii,1,"0,00727749072119933"
zeri,1,"0,00727749072119933"
zeplin,1,"0,00727749072119933"
ze,1,"0,00727749072119933"
Z,1,"0,00727749072119933"
yoyooo,1,"0,00727749072119933"
yoyo,1,"0,00727749072119933"
yow,1,"0,00727749072119933"
youu,1,"0,00727749072119933"
youtube,2,"0,0145549814423987"
yourself,2,"0,0145549814423987"
youre,1,"0,00727749072119933"
your,14,"0,101884870096791"
you?,3,"0,021832472163598"
you,184,"1,33905829270068"
You,7,"0,0509424350483953"
YOU,2,"0,0145549814423987"
yoooooooooooo,1,"0,00727749072119933"
yooooooooo,1,"0,00727749072119933"
yoooo,7,"0,0509424350483953"
yooo,11,"0,0800523979331926"
Yooo,1,"0,00727749072119933"
yoo,2,"0,0145549814423987"
yo,13,"0,0946073793755913"
yk,1,"0,00727749072119933"
yikes,5,"0,0363874536059967"
YIKES,2,"0,0145549814423987"
yield,1,"0,00727749072119933"
yeye,1,"0,00727749072119933"
yesterday,7,"0,0509424350483953"
YESSSSSSSSSSSS,1,"0,00727749072119933"
yessssssssss,1,"0,00727749072119933"
yessss,2,"0,0145549814423987"
yesss,5,"0,0363874536059967"
yess,5,"0,0363874536059967"
yes,38,"0,276544647405575"
YES,2,"0,0145549814423987"
yeri,1,"0,00727749072119933"
yeppp,1,"0,00727749072119933"
YEP,14,"0,101884870096791"
yep,5,"0,0363874536059967"
yelloww,1,"0,00727749072119933"
yeh,1,"0,00727749072119933"
Yeh,1,"0,00727749072119933"
yeezy,1,"0,00727749072119933"
yeees,2,"0,0145549814423987"
yeeees,2,"0,0145549814423987"
YEEEES,1,"0,00727749072119933"
yeeeees,1,"0,00727749072119933"
yeeeeees?,1,"0,00727749072119933"
yeeeeeeees,1,"0,00727749072119933"
YEEEEEEEEEEES,1,"0,00727749072119933"
yeeeeeeee,1,"0,00727749072119933"
yeeeeee,1,"0,00727749072119933"
yeeeeea,1,"0,00727749072119933"
yeee,1,"0,00727749072119933"
year,2,"0,0145549814423987"
YEAR,1,"0,00727749072119933"
yeahhh,1,"0,00727749072119933"
yeah,23,"0,167382286587585"
Yeah,1,"0,00727749072119933"
yeaa,1,"0,00727749072119933"
yea,12,"0,087329888654392"
Yea,1,"0,00727749072119933"
ye,8,"0,0582199257695946"
Ye,1,"0,00727749072119933"
yaes,1,"0,00727749072119933"
ya,6,"0,043664944327196"
y,4,"0,0291099628847973"
xyvyxvmlyxv,1,"0,00727749072119933"
xways,1,"0,00727749072119933"
xqcL,2,"0,0145549814423987"
XPFOAKWEFOKEWAFMOEWAFM,1,"0,00727749072119933"
xmas,1,"0,00727749072119933"
Xmas,1,"0,00727749072119933"
xjackpVS,19,"0,138272323702787"
xeriW,2,"0,0145549814423987"
xeriTalk,4,"0,0291099628847973"
xeriSlam,1,"0,00727749072119933"
xeriMonka,2,"0,0145549814423987"
xeriL,1,"0,00727749072119933"
xerii,3,"0,021832472163598"
xeriGasm,1,"0,00727749072119933"
xeriffier,1,"0,00727749072119933"
xerifff,1,"0,00727749072119933"
xerifferrrr,1,"0,00727749072119933"
xeriffer,11,"0,0800523979331926"
Xeriffer,1,"0,00727749072119933"
xeriff,2,"0,0145549814423987"
xeriEZ,2,"0,0145549814423987"
xeri?,2,"0,0145549814423987"
xeri,42,"0,305654610290372"
Xeri,14,"0,101884870096791"
XERI,4,"0,0291099628847973"
XER?,1,"0,00727749072119933"
xer,2,"0,0145549814423987"
xddddddddddddddd,1,"0,00727749072119933"
XDDDDDDDDDDDD,1,"0,00727749072119933"
xDDDDDDDDDD,2,"0,0145549814423987"
xDDDDDDDDD,1,"0,00727749072119933"
xddddddddd,1,"0,00727749072119933"
xDDDDDDDD,1,"0,00727749072119933"
xddddddd,2,"0,0145549814423987"
XDDDDDDD,2,"0,0145549814423987"
xDDDDDDD,2,"0,0145549814423987"
xDDDDDD,1,"0,00727749072119933"
xddddd,1,"0,00727749072119933"
xdddd,4,"0,0291099628847973"
XDDDD,1,"0,00727749072119933"
xddd,3,"0,021832472163598"
XDDD,3,"0,021832472163598"
Xddd,1,"0,00727749072119933"
xdd,21,"0,152827305145186"
xDd,1,"0,00727749072119933"
xd?,1,"0,00727749072119933"
xd,18,"0,130994832981588"
xD,13,"0,0946073793755913"
XD,5,"0,0363874536059967"
xboot,1,"0,00727749072119933"
xams,1,"0,00727749072119933"
x5,1,"0,00727749072119933"
x140,1,"0,00727749072119933"
x,6,"0,043664944327196"
WWWW,2,"0,0145549814423987"
wwin,1,"0,00727749072119933"
wut???,1,"0,00727749072119933"
wtrff,1,"0,00727749072119933"
WTRFF,1,"0,00727749072119933"
WTFFFFFFFFFFFFF,1,"0,00727749072119933"
Wtffffffff,1,"0,00727749072119933"
wtfff,1,"0,00727749072119933"
wtff,4,"0,0291099628847973"
wtf?,2,"0,0145549814423987"
wtf,17,"0,123717342260389"
WTF,2,"0,0145549814423987"
wsup,1,"0,00727749072119933"
wrote,1,"0,00727749072119933"
wrap,1,"0,00727749072119933"
wowww,3,"0,021832472163598"
woww,3,"0,021832472163598"
wow,7,"0,0509424350483953"
WOW,1,"0,00727749072119933"
wouldnt,1,"0,00727749072119933"
would,15,"0,10916236081799"
worthy,1,"0,00727749072119933"
worth,3,"0,021832472163598"
worse,1,"0,00727749072119933"
worry,3,"0,021832472163598"
world,1,"0,00727749072119933"
work,2,"0,0145549814423987"
words,1,"0,00727749072119933"
woohoo,1,"0,00727749072119933"
wont,8,"0,0582199257695946"
wonderland,3,"0,021832472163598"
won't,1,"0,00727749072119933"
won,5,"0,0363874536059967"
wodam,1,"0,00727749072119933"
wlid,1,"0,00727749072119933"
without,1,"0,00727749072119933"
withdrawed,1,"0,00727749072119933"
withdraw,3,"0,021832472163598"
with,27,"0,196492249472382"
wishing,1,"0,00727749072119933"
wish,1,"0,00727749072119933"
winter/spring,1,"0,00727749072119933"
wins,2,"0,0145549814423987"
winnings,1,"0,00727749072119933"
winning,2,"0,0145549814423987"
winners,1,"0,00727749072119933"
winn,3,"0,021832472163598"
window,1,"0,00727749072119933"
win?,2,"0,0145549814423987"
win,76,"0,553089294811149"
WIN,3,"0,021832472163598"
will,67,"0,487591878320355"
WILL,3,"0,021832472163598"
Will,2,"0,0145549814423987"
wilds,6,"0,043664944327196"
Wilds,2,"0,0145549814423987"
wild,28,"0,203769740193581"
whyy,1,"0,00727749072119933"
why?,1,"0,00727749072119933"
why,13,"0,0946073793755913"
Why,4,"0,0291099628847973"
whos,1,"0,00727749072119933"
WHOOOOOOAH,1,"0,00727749072119933"
whole,3,"0,021832472163598"
whoever,1,"0,00727749072119933"
who,6,"0,043664944327196"
white,1,"0,00727749072119933"
whisperers,1,"0,00727749072119933"
which,1,"0,00727749072119933"
Wheres,1,"0,00727749072119933"
where,11,"0,0800523979331926"
Where,3,"0,021832472163598"
when,14,"0,101884870096791"
wheel,1,"0,00727749072119933"
whattt,1,"0,00727749072119933"
whatt,2,"0,0145549814423987"
Whatsup,1,"0,00727749072119933"
whats,6,"0,043664944327196"
whatever,2,"0,0145549814423987"
what's,1,"0,00727749072119933"
what,23,"0,167382286587585"
WHAT,2,"0,0145549814423987"
What,2,"0,0145549814423987"
WHAAAAAAAAAAAAAT,1,"0,00727749072119933"
west,2,"0,0145549814423987"
were,2,"0,0145549814423987"
well,7,"0,0509424350483953"
welcome,5,"0,0363874536059967"
WeirdChamping,2,"0,0145549814423987"
weird,1,"0,00727749072119933"
webka,1,"0,00727749072119933"
webcam,1,"0,00727749072119933"
weather,1,"0,00727749072119933"
we,31,"0,225602212357179"
We,5,"0,0363874536059967"
WE,3,"0,021832472163598"
wdym,4,"0,0291099628847973"
WAYYYYYYY,1,"0,00727749072119933"
wayyyy,2,"0,0145549814423987"
wayyy,1,"0,00727749072119933"
way?,1,"0,00727749072119933"
way,11,"0,0800523979331926"
WAY,3,"0,021832472163598"
watching,3,"0,021832472163598"
watchgCOPE,1,"0,00727749072119933"
watched,1,"0,00727749072119933"
watch,2,"0,0145549814423987"
waste,1,"0,00727749072119933"
wassup,5,"0,0363874536059967"
wassa,1,"0,00727749072119933"
was,27,"0,196492249472382"
waow,1,"0,00727749072119933"
wants,1,"0,00727749072119933"
WANTED?,1,"0,00727749072119933"
wanted,10,"0,0727749072119933"
want,4,"0,0291099628847973"
wanna,9,"0,065497416490794"
wake,2,"0,0145549814423987"
waiting,5,"0,0363874536059967"
waited,1,"0,00727749072119933"
wait...,1,"0,00727749072119933"
wait,10,"0,0727749072119933"
wagmi,1,"0,00727749072119933"
waddup,2,"0,0145549814423987"
wadddup,1,"0,00727749072119933"
waaaaaay,1,"0,00727749072119933"
W,4,"0,0291099628847973"
w,1,"0,00727749072119933"
VS,5,"0,0363874536059967"
vs,1,"0,00727749072119933"
voucher,1,"0,00727749072119933"
voice,4,"0,0291099628847973"
VOICE,1,"0,00727749072119933"
VoHiYo,3,"0,021832472163598"
vodka,2,"0,0145549814423987"
visit,3,"0,021832472163598"
virgin,1,"0,00727749072119933"
VIP,1,"0,00727749072119933"
vip,1,"0,00727749072119933"
viewer,1,"0,00727749072119933"
video,2,"0,0145549814423987"
vibes?,1,"0,00727749072119933"
VibeDisco,4,"0,0291099628847973"
VeryPog,6,"0,043664944327196"
very,2,"0,0145549814423987"
version,1,"0,00727749072119933"
vault,3,"0,021832472163598"
VapeNation,1,"0,00727749072119933"
uy,1,"0,00727749072119933"
uve,1,"0,00727749072119933"
uuuuu,1,"0,00727749072119933"
usually,3,"0,021832472163598"
usual,1,"0,00727749072119933"
ushare,1,"0,00727749072119933"
useless,1,"0,00727749072119933"
Use,1,"0,00727749072119933"
us,6,"0,043664944327196"
US,1,"0,00727749072119933"
uptime,1,"0,00727749072119933"
upsters?,1,"0,00727749072119933"
uppp,1,"0,00727749072119933"
up,17,"0,123717342260389"
until,2,"0,0145549814423987"
unlucky,13,"0,0946073793755913"
unlucko,1,"0,00727749072119933"
unit,2,"0,0145549814423987"
unicorn,2,"0,0145549814423987"
unfortunately,1,"0,00727749072119933"
underworld,2,"0,0145549814423987"
underperormed,1,"0,00727749072119933"
under,1,"0,00727749072119933"
unbelievable,1,"0,00727749072119933"
ultra,1,"0,00727749072119933"
uh,1,"0,00727749072119933"
uff,1,"0,00727749072119933"
u,66,"0,480314387599156"
U,2,"0,0145549814423987"
typical,1,"0,00727749072119933"
type,2,"0,0145549814423987"
ty4points,1,"0,00727749072119933"
ty,5,"0,0363874536059967"
twitter,1,"0,00727749072119933"
twitch,1,"0,00727749072119933"
Twistiffer,1,"0,00727749072119933"
twister,1,"0,00727749072119933"
twisted,12,"0,087329888654392"
Twisted,1,"0,00727749072119933"
TWISTED,1,"0,00727749072119933"
TWIST,1,"0,00727749072119933"
twice,1,"0,00727749072119933"
tvh,1,"0,00727749072119933"
turn,1,"0,00727749072119933"
turkish,1,"0,00727749072119933"
Turkey,3,"0,021832472163598"
turkey,2,"0,0145549814423987"
turbospins,1,"0,00727749072119933"
turbooo,1,"0,00727749072119933"
turbo,3,"0,021832472163598"
TT,1,"0,00727749072119933"
trying,2,"0,0145549814423987"
try?,1,"0,00727749072119933"
try,48,"0,349319554617568"
Try,1,"0,00727749072119933"
trust,16,"0,116439851539189"
TRUST,3,"0,021832472163598"
trus,1,"0,00727749072119933"
true,13,"0,0946073793755913"
tru,1,"0,00727749072119933"
troll,1,"0,00727749072119933"
TriSad,2,"0,0145549814423987"
trip...,1,"0,00727749072119933"
trip,5,"0,0363874536059967"
tried,1,"0,00727749072119933"
TriDance,1,"0,00727749072119933"
travis,2,"0,0145549814423987"
traveling,1,"0,00727749072119933"
travel,1,"0,00727749072119933"
trash,1,"0,00727749072119933"
traps,1,"0,00727749072119933"
"trap""",1,"0,00727749072119933"
training,1,"0,00727749072119933"
train,2,"0,0145549814423987"
traditional,1,"0,00727749072119933"
traditiion,1,"0,00727749072119933"
track,1,"0,00727749072119933"
toxic,1,"0,00727749072119933"
town,1,"0,00727749072119933"
tourneys,1,"0,00727749072119933"
touch,4,"0,0291099628847973"
TOshi,1,"0,00727749072119933"
toshi,1,"0,00727749072119933"
top,4,"0,0291099628847973"
TOP,1,"0,00727749072119933"
tooo,1,"0,00727749072119933"
too,5,"0,0363874536059967"
Tomohoe,1,"0,00727749072119933"
tommorow,2,"0,0145549814423987"
told,11,"0,0800523979331926"
TOLD,1,"0,00727749072119933"
together,1,"0,00727749072119933"
todayy,1,"0,00727749072119933"
today?s,1,"0,00727749072119933"
today?,12,"0,087329888654392"
today,36,"0,261989665963176"
toda,1,"0,00727749072119933"
to,78,"0,567644276253548"
TO,2,"0,0145549814423987"
To,1,"0,00727749072119933"
TITANIC,1,"0,00727749072119933"
tirol,1,"0,00727749072119933"
tings?,1,"0,00727749072119933"
times,7,"0,0509424350483953"
timee,1,"0,00727749072119933"
time?,1,"0,00727749072119933"
time,40,"0,291099628847973"
Time,1,"0,00727749072119933"
TIME,1,"0,00727749072119933"
till,3,"0,021832472163598"
tiktok,1,"0,00727749072119933"
tiktak,1,"0,00727749072119933"
tiger,2,"0,0145549814423987"
Tier,3,"0,021832472163598"
tie,4,"0,0291099628847973"
tickets,2,"0,0145549814423987"
ticket,3,"0,021832472163598"
thx,5,"0,0363874536059967"
throw,1,"0,00727749072119933"
threw,1,"0,00727749072119933"
thr,1,"0,00727749072119933"
thousand,1,"0,00727749072119933"
though,1,"0,00727749072119933"
Those,1,"0,00727749072119933"
those,1,"0,00727749072119933"
tho,7,"0,0509424350483953"
thnak,1,"0,00727749072119933"
this?,1,"0,00727749072119933"
this,86,"0,625864202023142"
THIS,13,"0,0946073793755913"
This,6,"0,043664944327196"
third,2,"0,0145549814423987"
think,12,"0,087329888654392"
things,1,"0,00727749072119933"
thing,1,"0,00727749072119933"
thime,1,"0,00727749072119933"
thibk,1,"0,00727749072119933"
They've,7,"0,0509424350483953"
they,7,"0,0509424350483953"
these,4,"0,0291099628847973"
theres,1,"0,00727749072119933"
theree,1,"0,00727749072119933"
there,15,"0,10916236081799"
therapy,1,"0,00727749072119933"
then,19,"0,138272323702787"
them,4,"0,0291099628847973"
the,113,"0,822356451495524"
THE,5,"0,0363874536059967"
thats...,1,"0,00727749072119933"
thats,20,"0,145549814423987"
Thats,1,"0,00727749072119933"
that,52,"0,378429517502365"
thanks,6,"0,043664944327196"
thank,1,"0,00727749072119933"
than,8,"0,0582199257695946"
tft,2,"0,0145549814423987"
tf,1,"0,00727749072119933"
teta,4,"0,0291099628847973"
tell,1,"0,00727749072119933"
teammates,1,"0,00727749072119933"
teammate?,1,"0,00727749072119933"
team,1,"0,00727749072119933"
tbh,1,"0,00727749072119933"
tate,2,"0,0145549814423987"
tapes.,1,"0,00727749072119933"
tapes:,1,"0,00727749072119933"
tapes,20,"0,145549814423987"
tape,1,"0,00727749072119933"
talking,2,"0,0145549814423987"
talkin,1,"0,00727749072119933"
talk,1,"0,00727749072119933"
taking,2,"0,0145549814423987"
taken,1,"0,00727749072119933"
take,21,"0,152827305145186"
Take,1,"0,00727749072119933"
system,1,"0,00727749072119933"
syrian,1,"0,00727749072119933"
sync,10,"0,0727749072119933"
symbol,2,"0,0145549814423987"
symblol,1,"0,00727749072119933"
swz,2,"0,0145549814423987"
SWZ,1,"0,00727749072119933"
switched,1,"0,00727749072119933"
switch,2,"0,0145549814423987"
SwiftRage,1,"0,00727749072119933"
sweezyOops,1,"0,00727749072119933"
sweezyLove,1,"0,00727749072119933"
sweezyCopium,1,"0,00727749072119933"
sweezy?,1,"0,00727749072119933"
sweezy,7,"0,0509424350483953"
sweezo?,1,"0,00727749072119933"
Sweezo?,1,"0,00727749072119933"
sweezo,3,"0,021832472163598"
sweez,1,"0,00727749072119933"
sweet,5,"0,0363874536059967"
Sweet,4,"0,0291099628847973"
swear,2,"0,0145549814423987"
swagger,1,"0,00727749072119933"
suuuwey,1,"0,00727749072119933"
SUSSY,1,"0,00727749072119933"
Susge,2,"0,0145549814423987"
surrounded,1,"0,00727749072119933"
surprise.,1,"0,00727749072119933"
surely,3,"0,021832472163598"
Surely,1,"0,00727749072119933"
surelly,1,"0,00727749072119933"
sure,16,"0,116439851539189"
suppp,1,"0,00727749072119933"
supp,2,"0,0145549814423987"
superbonus,1,"0,00727749072119933"
super,6,"0,043664944327196"
sup,18,"0,130994832981588"
Sup,2,"0,0145549814423987"
sunday,1,"0,00727749072119933"
summer?,1,"0,00727749072119933"
suld,1,"0,00727749072119933"
suited,1,"0,00727749072119933"
sugas,1,"0,00727749072119933"
sugar,7,"0,0509424350483953"
Sugar,4,"0,0291099628847973"
suck,3,"0,021832472163598"
such,2,"0,0145549814423987"
success,1,"0,00727749072119933"
subscribed,14,"0,101884870096791"
SUBprise,1,"0,00727749072119933"
Sturdy,9,"0,065497416490794"
Stupid,1,"0,00727749072119933"
stuns,1,"0,00727749072119933"
stuff,1,"0,00727749072119933"
streams,2,"0,0145549814423987"
streamm,1,"0,00727749072119933"
streamer,1,"0,00727749072119933"
streamed,1,"0,00727749072119933"
stream=,1,"0,00727749072119933"
stream,24,"0,174659777308784"
Stream,1,"0,00727749072119933"
streak!,4,"0,0291099628847973"
stralight,1,"0,00727749072119933"
stop,2,"0,0145549814423987"
stolen?,1,"0,00727749072119933"
stinks,1,"0,00727749072119933"
still,9,"0,065497416490794"
sticky,4,"0,0291099628847973"
Sticky,2,"0,0145549814423987"
stephe__,1,"0,00727749072119933"
steam?,1,"0,00727749072119933"
stay,2,"0,0145549814423987"
start,8,"0,0582199257695946"
starlight?,1,"0,00727749072119933"
starlight,4,"0,0291099628847973"
Stare,4,"0,0291099628847973"
star,5,"0,0363874536059967"
STAR,1,"0,00727749072119933"
standing,1,"0,00727749072119933"
stand,3,"0,021832472163598"
stage,1,"0,00727749072119933"
stackem,2,"0,0145549814423987"
stacked,2,"0,0145549814423987"
Stacked,1,"0,00727749072119933"
STACK'EM?,2,"0,0145549814423987"
STACK'EM,2,"0,0145549814423987"
stack,17,"0,123717342260389"
Stack,1,"0,00727749072119933"
st?cky,2,"0,0145549814423987"
st,2,"0,0145549814423987"
ssn,1,"0,00727749072119933"
sry,1,"0,00727749072119933"
Squid4,2,"0,0145549814423987"
Squid3,2,"0,0145549814423987"
Squid2,1,"0,00727749072119933"
Squid1,1,"0,00727749072119933"
squadHey,1,"0,00727749072119933"
squadEZ,1,"0,00727749072119933"
spun?,1,"0,00727749072119933"
spotify..,1,"0,00727749072119933"
spotify,1,"0,00727749072119933"
spongePls,2,"0,0145549814423987"
split,5,"0,0363874536059967"
Split,1,"0,00727749072119933"
spins?,2,"0,0145549814423987"
spins,29,"0,211047230914781"
spin?,1,"0,00727749072119933"
spin,14,"0,101884870096791"
spend,1,"0,00727749072119933"
speed,2,"0,0145549814423987"
special,3,"0,021832472163598"
Special,1,"0,00727749072119933"
speak,1,"0,00727749072119933"
spawner,1,"0,00727749072119933"
sparta,6,"0,043664944327196"
spare,1,"0,00727749072119933"
spamming,1,"0,00727749072119933"
southeast,1,"0,00727749072119933"
south,1,"0,00727749072119933"
sounds,1,"0,00727749072119933"
sound,1,"0,00727749072119933"
sould,1,"0,00727749072119933"
sorry,6,"0,043664944327196"
SOOOO,1,"0,00727749072119933"
sooo,1,"0,00727749072119933"
soo,1,"0,00727749072119933"
songs...,1,"0,00727749072119933"
songs,4,"0,0291099628847973"
song....,1,"0,00727749072119933"
song?,9,"0,065497416490794"
song,31,"0,225602212357179"
SONG,2,"0,0145549814423987"
son,1,"0,00727749072119933"
something,3,"0,021832472163598"
someone,3,"0,021832472163598"
SOMEE,1,"0,00727749072119933"
somebody,1,"0,00727749072119933"
some,26,"0,189214758751183"
sombody,1,"0,00727749072119933"
soft,1,"0,00727749072119933"
sober,1,"0,00727749072119933"
so,40,"0,291099628847973"
So,4,"0,0291099628847973"
snus,1,"0,00727749072119933"
SnowTime,1,"0,00727749072119933"
snnnnake,1,"0,00727749072119933"
sniff,1,"0,00727749072119933"
snake,3,"0,021832472163598"
smth,1,"0,00727749072119933"
smoking,1,"0,00727749072119933"
SMOKE,4,"0,0291099628847973"
smash690Jiggle,6,"0,043664944327196"
small,2,"0,0145549814423987"
slowim,1,"0,00727749072119933"
slovakia,3,"0,021832472163598"
Slovakia,2,"0,0145549814423987"
slovak,1,"0,00727749072119933"
Slots?,1,"0,00727749072119933"
slots,11,"0,0800523979331926"
slot..,1,"0,00727749072119933"
slot,22,"0,160104795866385"
sleepin,1,"0,00727749072119933"
sleep,6,"0,043664944327196"
skipped,1,"0,00727749072119933"
skip,2,"0,0145549814423987"
skammer,1,"0,00727749072119933"
SK?,1,"0,00727749072119933"
siuu,1,"0,00727749072119933"
sit,2,"0,0145549814423987"
sir,3,"0,021832472163598"
Sir,1,"0,00727749072119933"
Sippin,1,"0,00727749072119933"
simultaneously?,1,"0,00727749072119933"
siiir,1,"0,00727749072119933"
sign,2,"0,0145549814423987"
sigma,2,"0,0145549814423987"
sidebets,1,"0,00727749072119933"
side,2,"0,0145549814423987"
sick,5,"0,0363874536059967"
Shut,1,"0,00727749072119933"
shut,1,"0,00727749072119933"
shuffle,2,"0,0145549814423987"
shrooms,1,"0,00727749072119933"
should,13,"0,0946073793755913"
shot,2,"0,0145549814423987"
SHOT,1,"0,00727749072119933"
shoes,1,"0,00727749072119933"
shiyt,1,"0,00727749072119933"
shittin,1,"0,00727749072119933"
shits,1,"0,00727749072119933"
shithead,1,"0,00727749072119933"
shit?,1,"0,00727749072119933"
shit,22,"0,160104795866385"
SHIT,1,"0,00727749072119933"
shiiit,1,"0,00727749072119933"
shiiiitt,1,"0,00727749072119933"
shiiiit,1,"0,00727749072119933"
shiiiiiit,1,"0,00727749072119933"
shiiiiiiet,1,"0,00727749072119933"
shii,1,"0,00727749072119933"
Shield,3,"0,021832472163598"
shield,3,"0,021832472163598"
shesh,2,"0,0145549814423987"
sheesh,1,"0,00727749072119933"
sheeeeshhh,1,"0,00727749072119933"
shedule?,1,"0,00727749072119933"
She's,1,"0,00727749072119933"
she,2,"0,0145549814423987"
shaved?,1,"0,00727749072119933"
SHARE,1,"0,00727749072119933"
shameless,2,"0,0145549814423987"
shakes,2,"0,0145549814423987"
shadows,1,"0,00727749072119933"
sh*t,2,"0,0145549814423987"
setup,1,"0,00727749072119933"
SETUP,1,"0,00727749072119933"
set,2,"0,0145549814423987"
service,1,"0,00727749072119933"
sent,2,"0,0145549814423987"
send,7,"0,0509424350483953"
sell,1,"0,00727749072119933"
SeemsGood,2,"0,0145549814423987"
seem,2,"0,0145549814423987"
see?,1,"0,00727749072119933"
see,8,"0,0582199257695946"
secret,1,"0,00727749072119933"
sec,1,"0,00727749072119933"
season,1,"0,00727749072119933"
sea,1,"0,00727749072119933"
Sdge,1,"0,00727749072119933"
scroll,1,"0,00727749072119933"
script,2,"0,0145549814423987"
screen,3,"0,021832472163598"
screaming,2,"0,0145549814423987"
scream,1,"0,00727749072119933"
schnitzel,1,"0,00727749072119933"
scatters,2,"0,0145549814423987"
scatter,4,"0,0291099628847973"
scammer,2,"0,0145549814423987"
scammed,1,"0,00727749072119933"
scamed,1,"0,00727749072119933"
scame,1,"0,00727749072119933"
scam,14,"0,101884870096791"
saying,1,"0,00727749072119933"
say,3,"0,021832472163598"
saw,3,"0,021832472163598"
saviour,1,"0,00727749072119933"
savior,1,"0,00727749072119933"
savings,1,"0,00727749072119933"
saved,2,"0,0145549814423987"
save,8,"0,0582199257695946"
SAVE,1,"0,00727749072119933"
sausage,1,"0,00727749072119933"
sat,1,"0,00727749072119933"
santas,9,"0,065497416490794"
santaaa,1,"0,00727749072119933"
santa's,3,"0,021832472163598"
santa,7,"0,0509424350483953"
SANTA,1,"0,00727749072119933"
Santa,1,"0,00727749072119933"
same,4,"0,0291099628847973"
sam,1,"0,00727749072119933"
salzburg,1,"0,00727749072119933"
sallary,1,"0,00727749072119933"
said,5,"0,0363874536059967"
SadgPog,1,"0,00727749072119933"
Sadgee,1,"0,00727749072119933"
Sadge,50,"0,363874536059966"
sadge,6,"0,043664944327196"
SadChamp,11,"0,0800523979331926"
sad,3,"0,021832472163598"
Sad,1,"0,00727749072119933"
saaaaaaaap,1,"0,00727749072119933"
sa,1,"0,00727749072119933"
S,1,"0,00727749072119933"
s,1,"0,00727749072119933"
rwith,1,"0,00727749072119933"
ruush,1,"0,00727749072119933"
rush,9,"0,065497416490794"
Rush,2,"0,0145549814423987"
running,1,"0,00727749072119933"
run,13,"0,0946073793755913"
rule,2,"0,0145549814423987"
rtx,1,"0,00727749072119933"
rtp,4,"0,0291099628847973"
RTP,1,"0,00727749072119933"
Rtp,1,"0,00727749072119933"
rozkii,1,"0,00727749072119933"
Rozkii,1,"0,00727749072119933"
row..,1,"0,00727749072119933"
roulette,2,"0,0145549814423987"
roseingrotte1,1,"0,00727749072119933"
room?,1,"0,00727749072119933"
rondon,1,"0,00727749072119933"
roll,2,"0,0145549814423987"
rocky,1,"0,00727749072119933"
rocker,1,"0,00727749072119933"
robbed,1,"0,00727749072119933"
rng,1,"0,00727749072119933"
rn,2,"0,0145549814423987"
rly,1,"0,00727749072119933"
risk,3,"0,021832472163598"
rip,11,"0,0800523979331926"
RIP,1,"0,00727749072119933"
rings,1,"0,00727749072119933"
rikkuRaveblin,1,"0,00727749072119933"
rightt,1,"0,00727749072119933"
right?,2,"0,0145549814423987"
right,10,"0,0727749072119933"
rigged,2,"0,0145549814423987"
richer,1,"0,00727749072119933"
rich,1,"0,00727749072119933"
rhymesanti,1,"0,00727749072119933"
rght,1,"0,00727749072119933"
rewards,1,"0,00727749072119933"
revenge,3,"0,021832472163598"
Revenge,1,"0,00727749072119933"
Retrotapes,1,"0,00727749072119933"
retrotapes,1,"0,00727749072119933"
retro?,1,"0,00727749072119933"
retro,28,"0,203769740193581"
Retro,9,"0,065497416490794"
retarded,1,"0,00727749072119933"
results,1,"0,00727749072119933"
resttR,2,"0,0145549814423987"
resttPalec,2,"0,0145549814423987"
resttHerec,1,"0,00727749072119933"
resttH,2,"0,0145549814423987"
resttFetka,2,"0,0145549814423987"
resttBic,1,"0,00727749072119933"
restrain,1,"0,00727749072119933"
restore,1,"0,00727749072119933"
restock?,1,"0,00727749072119933"
restock,1,"0,00727749072119933"
Restock,1,"0,00727749072119933"
rest,1,"0,00727749072119933"
responded,2,"0,0145549814423987"
respins,1,"0,00727749072119933"
respin,1,"0,00727749072119933"
ResidentSleeper,7,"0,0509424350483953"
request,2,"0,0145549814423987"
rent,1,"0,00727749072119933"
remove,1,"0,00727749072119933"
remember,1,"0,00727749072119933"
REMBER,1,"0,00727749072119933"
relax,1,"0,00727749072119933"
Relax,1,"0,00727749072119933"
regret,1,"0,00727749072119933"
reels,1,"0,00727749072119933"
reel,2,"0,0145549814423987"
redzed,1,"0,00727749072119933"
redepo,2,"0,0145549814423987"
red,3,"0,021832472163598"
ReD,1,"0,00727749072119933"
recorded,1,"0,00727749072119933"
recived,3,"0,021832472163598"
received,1,"0,00727749072119933"
recap,1,"0,00727749072119933"
reason,2,"0,0145549814423987"
realyyy,1,"0,00727749072119933"
reallyy,1,"0,00727749072119933"
really?,1,"0,00727749072119933"
really,6,"0,043664944327196"
reallly,1,"0,00727749072119933"
real,5,"0,0363874536059967"
REAL,1,"0,00727749072119933"
ready,2,"0,0145549814423987"
read,1,"0,00727749072119933"
re,2,"0,0145549814423987"
raw,1,"0,00727749072119933"
range,1,"0,00727749072119933"
random,2,"0,0145549814423987"
ramsays,1,"0,00727749072119933"
rakeback,1,"0,00727749072119933"
rajesh,1,"0,00727749072119933"
raise!!,1,"0,00727749072119933"
RAISE,2,"0,0145549814423987"
raise,1,"0,00727749072119933"
rainbowPls,4,"0,0291099628847973"
raiders,1,"0,00727749072119933"
ra,1,"0,00727749072119933"
R.i.P,1,"0,00727749072119933"
r,2,"0,0145549814423987"
R,1,"0,00727749072119933"
quick,3,"0,021832472163598"
questions,1,"0,00727749072119933"
quarented,1,"0,00727749072119933"
q,1,"0,00727749072119933"
PUTIN,1,"0,00727749072119933"
put,3,"0,021832472163598"
Put,1,"0,00727749072119933"
pusti,1,"0,00727749072119933"
pussys,1,"0,00727749072119933"
pussy,1,"0,00727749072119933"
Pussy,1,"0,00727749072119933"
PUSC,1,"0,00727749072119933"
purples,1,"0,00727749072119933"
punk,1,"0,00727749072119933"
prrraaaa,1,"0,00727749072119933"
provider,1,"0,00727749072119933"
PROPHET,1,"0,00727749072119933"
promise,14,"0,101884870096791"
prom,1,"0,00727749072119933"
profitt,1,"0,00727749072119933"
profiting,1,"0,00727749072119933"
profit,24,"0,174659777308784"
Profit,3,"0,021832472163598"
PROFIT,1,"0,00727749072119933"
Profiiiiit,1,"0,00727749072119933"
process,1,"0,00727749072119933"
PROBLEM,2,"0,0145549814423987"
probably,2,"0,0145549814423987"
pro,1,"0,00727749072119933"
prize,1,"0,00727749072119933"
private,1,"0,00727749072119933"
printers,1,"0,00727749072119933"
print,1,"0,00727749072119933"
princezna,1,"0,00727749072119933"
princess/Rise,1,"0,00727749072119933"
princess,1,"0,00727749072119933"
Prime.,4,"0,0291099628847973"
pretty,2,"0,0145549814423987"
presidento,1,"0,00727749072119933"
prehravani,1,"0,00727749072119933"
Praygeee,2,"0,0145549814423987"
Prayge,246,"1,79026271741504"
pRAYGE,1,"0,00727749072119933"
PrayGe,1,"0,00727749072119933"
prayge,1,"0,00727749072119933"
pray,2,"0,0145549814423987"
Pray,1,"0,00727749072119933"
prague,1,"0,00727749072119933"
pragmatic,4,"0,0291099628847973"
pragma,1,"0,00727749072119933"
pragamtic,1,"0,00727749072119933"
prafit,1,"0,00727749072119933"
praaaa,1,"0,00727749072119933"
ppOverheat,10,"0,0727749072119933"
ppHop,1,"0,00727749072119933"
pozdravit,1,"0,00727749072119933"
power,2,"0,0145549814423987"
potential,6,"0,043664944327196"
potencial,2,"0,0145549814423987"
possible,1,"0,00727749072119933"
porhub,1,"0,00727749072119933"
poor,1,"0,00727749072119933"
pooooooooooooooooooog,1,"0,00727749072119933"
POOOOOOOOOOOOOOOOOG,1,"0,00727749072119933"
POOOOOOOOOOOG,1,"0,00727749072119933"
POOOOOOOOOOG,1,"0,00727749072119933"
pooooooooog,1,"0,00727749072119933"
pooooooog,1,"0,00727749072119933"
Pooooooog,1,"0,00727749072119933"
POOOOOOG,1,"0,00727749072119933"
Poooog,1,"0,00727749072119933"
Pooogg,1,"0,00727749072119933"
POOOG,2,"0,0145549814423987"
Pooog,1,"0,00727749072119933"
Poog,1,"0,00727749072119933"
poog,1,"0,00727749072119933"
poll,1,"0,00727749072119933"
pointless,1,"0,00727749072119933"
point,4,"0,0291099628847973"
PogU,3,"0,021832472163598"
PogTasty,1,"0,00727749072119933"
Pogpog,1,"0,00727749072119933"
Pogh,1,"0,00727749072119933"
Poggies,1,"0,00727749072119933"
Poggggg,1,"0,00727749072119933"
Pogggg,2,"0,0145549814423987"
Poggg,1,"0,00727749072119933"
POGGERS,3,"0,021832472163598"
Pogg,1,"0,00727749072119933"
PogChamp,5,"0,0363874536059967"
Pog,300,"2,1832472163598"
pog,11,"0,0800523979331926"
POG,5,"0,0363874536059967"
pOG,1,"0,00727749072119933"
pm,2,"0,0145549814423987"
plssssssssssss,1,"0,00727749072119933"
plsss,4,"0,0291099628847973"
plss,4,"0,0291099628847973"
Plss,1,"0,00727749072119933"
pls?,1,"0,00727749072119933"
pls,12,"0,087329888654392"
plit,1,"0,00727749072119933"
plinko?,1,"0,00727749072119933"
pleasure,1,"0,00727749072119933"
Pleasse,15,"0,10916236081799"
PLEASEEEEEE,1,"0,00727749072119933"
pleasee,1,"0,00727749072119933"
please?,5,"0,0363874536059967"
please,18,"0,130994832981588"
PLEASE,3,"0,021832472163598"
Please,1,"0,00727749072119933"
pleasant,1,"0,00727749072119933"
pleas,15,"0,10916236081799"
pleaaase,1,"0,00727749072119933"
playngo,2,"0,0145549814423987"
Playngo,1,"0,00727749072119933"
playlist,3,"0,021832472163598"
PLAYLIST,1,"0,00727749072119933"
playing,3,"0,021832472163598"
player,2,"0,0145549814423987"
played,3,"0,021832472163598"
play,27,"0,196492249472382"
Play,1,"0,00727749072119933"
plan,1,"0,00727749072119933"
placement,1,"0,00727749072119933"
PIZZAAAAAAAA,1,"0,00727749072119933"
PIZZA,3,"0,021832472163598"
pizza,3,"0,021832472163598"
pissesd,1,"0,00727749072119933"
[Menci√≥n Indirecta],3,"0,021832472163598"
[Emote Personalizado 1],1,"0,00727749072119933"
[Emote Personalizado 2],12,"0,087329888654392"
[Emote Personalizado 3],3,"0,021832472163598"
[Emote Personalizado 4],3,"0,021832472163598"
[Emote Personalizado 5],32,"0,232879703078379"
[Emote Personalizado 6],3,"0,021832472163598"
[Emote Personalizado 7],11,"0,0800523979331926"
[Emote Personalizado 8],4,"0,0291099628847973"
[Emote Personalizado 9],4,"0,0291099628847973"
pissed's,1,"0,00727749072119933"
pissed?s,1,"0,00727749072119933"
pissed!,1,"0,00727749072119933"
pissed,18,"0,130994832981588"
Pissed,2,"0,0145549814423987"
piss,1,"0,00727749072119933"
pink,1,"0,00727749072119933"
Pinj,1,"0,00727749072119933"
pin,1,"0,00727749072119933"
pics,2,"0,0145549814423987"
Pfff,1,"0,00727749072119933"
pes,1,"0,00727749072119933"
person,1,"0,00727749072119933"
performed,1,"0,00727749072119933"
perfect,1,"0,00727749072119933"
pepperrrr,1,"0,00727749072119933"
peppero,1,"0,00727749072119933"
pepper,5,"0,0363874536059967"
PepeLaugh,26,"0,189214758751183"
pepeJAM,3,"0,021832472163598"
Pepegi,1,"0,00727749072119933"
Pepega,1,"0,00727749072119933"
PEPEGA,1,"0,00727749072119933"
pepeD,1,"0,00727749072119933"
people,1,"0,00727749072119933"
pelle?,1,"0,00727749072119933"
pelle,2,"0,0145549814423987"
pelisky,1,"0,00727749072119933"
pel?ky,1,"0,00727749072119933"
Pel?.,1,"0,00727749072119933"
PEGI,1,"0,00727749072119933"
peepoSad,2,"0,0145549814423987"
peepoHey,5,"0,0363874536059967"
peepoGlad,1,"0,00727749072119933"
peepoArrive,1,"0,00727749072119933"
PEEPEESPoggers,1,"0,00727749072119933"
pearl,1,"0,00727749072119933"
Pearl,1,"0,00727749072119933"
peaceful,1,"0,00727749072119933"
payy,1,"0,00727749072119933"
pays,2,"0,0145549814423987"
pay,42,"0,305654610290372"
PAY,1,"0,00727749072119933"
PauseChamp,14,"0,101884870096791"
pattern,2,"0,0145549814423987"
Pata1G,3,"0,021832472163598"
pasakSUS,2,"0,0145549814423987"
PartyKirby,10,"0,0727749072119933"
party,13,"0,0946073793755913"
papaa,1,"0,00727749072119933"
papa,48,"0,349319554617568"
PandaChill,1,"0,00727749072119933"
panda,4,"0,0291099628847973"
PANDA,1,"0,00727749072119933"
paid,4,"0,0291099628847973"
Paid,1,"0,00727749072119933"
PagMan,18,"0,130994832981588"
PagMam,1,"0,00727749072119933"
pack,1,"0,00727749072119933"
paa,1,"0,00727749072119933"
P,1,"0,00727749072119933"
oyu,2,"0,0145549814423987"
owner,1,"0,00727749072119933"
owned,1,"0,00727749072119933"
owes,1,"0,00727749072119933"
owe,1,"0,00727749072119933"
overhead,1,"0,00727749072119933"
over,4,"0,0291099628847973"
OVER,1,"0,00727749072119933"
out,8,"0,0582199257695946"
our,1,"0,00727749072119933"
otherwise,2,"0,0145549814423987"
other,1,"0,00727749072119933"
osss,1,"0,00727749072119933"
Oss,1,"0,00727749072119933"
originally,1,"0,00727749072119933"
orbs?,1,"0,00727749072119933"
orbb,1,"0,00727749072119933"
orb,2,"0,0145549814423987"
or,34,"0,247434684520777"
OR,2,"0,0145549814423987"
option,1,"0,00727749072119933"
OPog,1,"0,00727749072119933"
OPOG,1,"0,00727749072119933"
opens,1,"0,00727749072119933"
open,5,"0,0363874536059967"
op,1,"0,00727749072119933"
oooorbs,1,"0,00727749072119933"
ooo,1,"0,00727749072119933"
oone,1,"0,00727749072119933"
oodi,1,"0,00727749072119933"
oo,1,"0,00727749072119933"
onnn,2,"0,0145549814423987"
onn,3,"0,021832472163598"
only,20,"0,145549814423987"
one,89,"0,64769667418674"
ONE,5,"0,0363874536059967"
One,3,"0,021832472163598"
once,4,"0,0291099628847973"
on,89,"0,64769667418674"
ON,7,"0,0509424350483953"
OMGW,1,"0,00727749072119933"
omggggggggg,1,"0,00727749072119933"
omggggggg,1,"0,00727749072119933"
omgggg,1,"0,00727749072119933"
omggg,1,"0,00727749072119933"
omgg,1,"0,00727749072119933"
omg,18,"0,130994832981588"
OMG,6,"0,043664944327196"
Omg,2,"0,0145549814423987"
OMEGALUL,26,"0,189214758751183"
omegaLUL,1,"0,00727749072119933"
omega,1,"0,00727749072119933"
OME,8,"0,0582199257695946"
Olympus/24k,1,"0,00727749072119933"
olympus,1,"0,00727749072119933"
olomouc,1,"0,00727749072119933"
olivercito3,1,"0,00727749072119933"
olin38,1,"0,00727749072119933"
OLD,1,"0,00727749072119933"
Okey,1,"0,00727749072119933"
okey,1,"0,00727749072119933"
okeeeey,1,"0,00727749072119933"
Okayge,2,"0,0145549814423987"
OkayChamping,3,"0,021832472163598"
okay,5,"0,0363874536059967"
Okay,2,"0,0145549814423987"
OKAY,1,"0,00727749072119933"
ok,8,"0,0582199257695946"
OK,2,"0,0145549814423987"
Ok,1,"0,00727749072119933"
oi,1,"0,00727749072119933"
OhMyDog,3,"0,021832472163598"
OHHH,1,"0,00727749072119933"
ohhh,1,"0,00727749072119933"
oh,11,"0,0800523979331926"
OH,3,"0,021832472163598"
Oh,1,"0,00727749072119933"
ogmasasmgloasmgl?asmgla,1,"0,00727749072119933"
ogasopgkams,1,"0,00727749072119933"
often,1,"0,00727749072119933"
off,9,"0,065497416490794"
OFF,1,"0,00727749072119933"
ofc,6,"0,043664944327196"
of,46,"0,334764573175169"
odin,3,"0,021832472163598"
octopuss,1,"0,00727749072119933"
octo,1,"0,00727749072119933"
O:),1,"0,00727749072119933"
nvm,2,"0,0145549814423987"
nuts,1,"0,00727749072119933"
nt,2,"0,0145549814423987"
NP,1,"0,00727749072119933"
now,33,"0,240157193799578"
NOW,2,"0,0145549814423987"
NotLikeThis,7,"0,0509424350483953"
nothing,2,"0,0145549814423987"
NOTED,1,"0,00727749072119933"
not?,1,"0,00727749072119933"
not,53,"0,385707008223564"
Not,1,"0,00727749072119933"
noscope,1,"0,00727749072119933"
normal,4,"0,0291099628847973"
nopeee,1,"0,00727749072119933"
nope,3,"0,021832472163598"
noooooooooooooo,1,"0,00727749072119933"
nooooooooooooo,1,"0,00727749072119933"
noooooooooooo,1,"0,00727749072119933"
nooooooooooo,1,"0,00727749072119933"
noooooooooo,1,"0,00727749072119933"
noooooooo,1,"0,00727749072119933"
Nooooooo,1,"0,00727749072119933"
noooooo,2,"0,0145549814423987"
nooooo,6,"0,043664944327196"
Nooooo,1,"0,00727749072119933"
noooo,3,"0,021832472163598"
NOOOO,2,"0,0145549814423987"
noooi,1,"0,00727749072119933"
nooob,1,"0,00727749072119933"
nooo,9,"0,065497416490794"
NOOO,2,"0,0145549814423987"
noob,2,"0,0145549814423987"
noo,6,"0,043664944327196"
NOO,2,"0,0145549814423987"
non,1,"0,00727749072119933"
nolimit,2,"0,0145549814423987"
NOIDONTTHINKSO,1,"0,00727749072119933"
NOICEEEEE,1,"0,00727749072119933"
NOICEEE,1,"0,00727749072119933"
noceee,1,"0,00727749072119933"
no?,2,"0,0145549814423987"
no,65,"0,473036896877956"
NO,9,"0,065497416490794"
No,2,"0,0145549814423987"
nitropolis,1,"0,00727749072119933"
Niiiiiiice,1,"0,00727749072119933"
night,3,"0,021832472163598"
niceeeeeee,1,"0,00727749072119933"
NICEEEEEEE,1,"0,00727749072119933"
niceeeee,1,"0,00727749072119933"
niceeee,2,"0,0145549814423987"
Niceeee,1,"0,00727749072119933"
niceee,5,"0,0363874536059967"
Niceee,1,"0,00727749072119933"
nicee,8,"0,0582199257695946"
nice?,1,"0,00727749072119933"
Nice!!!!!!!!!!!!!!!!!!!!!!!!!!,1,"0,00727749072119933"
nice,55,"0,400261989665963"
Nice,8,"0,0582199257695946"
NICE,1,"0,00727749072119933"
ni?cee,1,"0,00727749072119933"
ngl,2,"0,0145549814423987"
next?,1,"0,00727749072119933"
next,20,"0,145549814423987"
NEXT,1,"0,00727749072119933"
Next,1,"0,00727749072119933"
NewRecord,2,"0,0145549814423987"
new,4,"0,0291099628847973"
NEW,1,"0,00727749072119933"
never,6,"0,043664944327196"
Net,6,"0,043664944327196"
nestta,1,"0,00727749072119933"
NESTTA,1,"0,00727749072119933"
nest,1,"0,00727749072119933"
Nerd,7,"0,0509424350483953"
nerd,6,"0,043664944327196"
nepride?,1,"0,00727749072119933"
neow,1,"0,00727749072119933"
neighbours,1,"0,00727749072119933"
nehehehe,1,"0,00727749072119933"
nehehe,4,"0,0291099628847973"
Nehehe,1,"0,00727749072119933"
needs,1,"0,00727749072119933"
needforspin,2,"0,0145549814423987"
need,36,"0,261989665963176"
NEED,1,"0,00727749072119933"
nazdar,1,"0,00727749072119933"
nan,1,"0,00727749072119933"
name,2,"0,0145549814423987"
nahodne,1,"0,00727749072119933"
nah,4,"0,0291099628847973"
naah,2,"0,0145549814423987"
naaah,1,"0,00727749072119933"
naaaaah,1,"0,00727749072119933"
Naaaaaah,1,"0,00727749072119933"
naaaaaaah,1,"0,00727749072119933"
naa,1,"0,00727749072119933"
na,1,"0,00727749072119933"
n?ce,2,"0,0145549814423987"
n,12,"0,087329888654392"
mystery,3,"0,021832472163598"
my,28,"0,203769740193581"
MY,2,"0,0145549814423987"
mw?,1,"0,00727749072119933"
mw,7,"0,0509424350483953"
muted,1,"0,00727749072119933"
must,2,"0,0145549814423987"
MUST,1,"0,00727749072119933"
musics,1,"0,00727749072119933"
musicccccc,1,"0,00727749072119933"
music,6,"0,043664944327196"
multis,3,"0,021832472163598"
multipler,1,"0,00727749072119933"
multiii,3,"0,021832472163598"
multii,3,"0,021832472163598"
multies,2,"0,0145549814423987"
multi,14,"0,101884870096791"
MULTI,1,"0,00727749072119933"
muertos?,1,"0,00727749072119933"
muertos,6,"0,043664944327196"
Muertos,1,"0,00727749072119933"
muerto,2,"0,0145549814423987"
much?,1,"0,00727749072119933"
much,7,"0,0509424350483953"
mt3,1,"0,00727749072119933"
MT3,1,"0,00727749072119933"
msg,1,"0,00727749072119933"
mrx_laysoritos,1,"0,00727749072119933"
MROE,2,"0,0145549814423987"
mr.magnet,1,"0,00727749072119933"
moving,1,"0,00727749072119933"
"Movies""",1,"0,00727749072119933"
move,3,"0,021832472163598"
Motley,1,"0,00727749072119933"
moreeeee,1,"0,00727749072119933"
moreeee,1,"0,00727749072119933"
moreee,4,"0,0291099628847973"
moree,1,"0,00727749072119933"
more,60,"0,43664944327196"
MORE,2,"0,0145549814423987"
mopre,1,"0,00727749072119933"
mooore,1,"0,00727749072119933"
moooolti,1,"0,00727749072119933"
moon,2,"0,0145549814423987"
months!,3,"0,021832472163598"
months,4,"0,0291099628847973"
month,5,"0,0363874536059967"
monkeyJAM,1,"0,00727749072119933"
monkey,1,"0,00727749072119933"
monkeDoor,13,"0,0946073793755913"
MONKE,7,"0,0509424350483953"
monkaS,7,"0,0509424350483953"
monkaHmm,1,"0,00727749072119933"
monitor,1,"0,00727749072119933"
money..,1,"0,00727749072119933"
money,18,"0,130994832981588"
MONEY,1,"0,00727749072119933"
mon0ey,1,"0,00727749072119933"
momma,1,"0,00727749072119933"
molly,1,"0,00727749072119933"
moh,1,"0,00727749072119933"
modwe,1,"0,00727749072119933"
modee,1,"0,00727749072119933"
mode?,1,"0,00727749072119933"
mode,31,"0,225602212357179"
MODE,6,"0,043664944327196"
modCheck,2,"0,0145549814423987"
mod,1,"0,00727749072119933"
mmm..,1,"0,00727749072119933"
MM,1,"0,00727749072119933"
mlejna,1,"0,00727749072119933"
MJK,1,"0,00727749072119933"
mizaj,8,"0,0582199257695946"
Mizaj,2,"0,0145549814423987"
MIZAJ,1,"0,00727749072119933"
misunderstood,1,"0,00727749072119933"
missed,3,"0,021832472163598"
miss,3,"0,021832472163598"
minutes,4,"0,0291099628847973"
mine,1,"0,00727749072119933"
mind,2,"0,0145549814423987"
milujutekamobracho1,8,"0,0582199257695946"
miller,2,"0,0145549814423987"
milion,1,"0,00727749072119933"
mikenovka,1,"0,00727749072119933"
mikenDance,1,"0,00727749072119933"
miken,1,"0,00727749072119933"
might,1,"0,00727749072119933"
middle,8,"0,0582199257695946"
MIDDLE,1,"0,00727749072119933"
midas,6,"0,043664944327196"
mid,11,"0,0800523979331926"
microsoft,1,"0,00727749072119933"
michko,11,"0,0800523979331926"
Michko,2,"0,0145549814423987"
mic,4,"0,0291099628847973"
mhm,1,"0,00727749072119933"
mex,6,"0,043664944327196"
message,2,"0,0145549814423987"
merry,1,"0,00727749072119933"
meowing,1,"0,00727749072119933"
meow,2,"0,0145549814423987"
mentality,1,"0,00727749072119933"
mental,3,"0,021832472163598"
Mental,2,"0,0145549814423987"
memories,1,"0,00727749072119933"
meh,2,"0,0145549814423987"
megaways,13,"0,0946073793755913"
mega,1,"0,00727749072119933"
meet,3,"0,021832472163598"
meeh,1,"0,00727749072119933"
meant,1,"0,00727749072119933"
mean,2,"0,0145549814423987"
me?,1,"0,00727749072119933"
me,29,"0,211047230914781"
ME,1,"0,00727749072119933"
mddle,1,"0,00727749072119933"
mby,1,"0,00727749072119933"
mb,2,"0,0145549814423987"
maybeee,1,"0,00727749072119933"
maybe,27,"0,196492249472382"
MAYBE,1,"0,00727749072119933"
Maybe,1,"0,00727749072119933"
may,1,"0,00727749072119933"
maxxxxxxxxxxxxxxxxxxxxxxxx,1,"0,00727749072119933"
maxxxxxxxxxx,1,"0,00727749072119933"
maxxx,1,"0,00727749072119933"
maxwin,6,"0,043664944327196"
MAXWIN,1,"0,00727749072119933"
max,46,"0,334764573175169"
MAX,5,"0,0363874536059967"
Max,4,"0,0291099628847973"
maty,1,"0,00727749072119933"
matter,1,"0,00727749072119933"
matrix,1,"0,00727749072119933"
Matovic,1,"0,00727749072119933"
matoPiska,41,"0,298377119569173"
matopiska,1,"0,00727749072119933"
mateee,1,"0,00727749072119933"
matee,1,"0,00727749072119933"
mate..,1,"0,00727749072119933"
mate,16,"0,116439851539189"
master,2,"0,0145549814423987"
massive,2,"0,0145549814423987"
marry,1,"0,00727749072119933"
Maradona,1,"0,00727749072119933"
many,2,"0,0145549814423987"
mans,1,"0,00727749072119933"
mania,1,"0,00727749072119933"
maneater,1,"0,00727749072119933"
man,26,"0,189214758751183"
MAN,1,"0,00727749072119933"
malta?,1,"0,00727749072119933"
Malta,1,"0,00727749072119933"
Malkin,1,"0,00727749072119933"
makes,2,"0,0145549814423987"
make,3,"0,021832472163598"
maid,1,"0,00727749072119933"
Madge,1,"0,00727749072119933"
made,2,"0,0145549814423987"
Madame?,1,"0,00727749072119933"
madame,4,"0,0291099628847973"
Madame,2,"0,0145549814423987"
Mac,1,"0,00727749072119933"
mac,1,"0,00727749072119933"
maby,2,"0,0145549814423987"
M&Mjc,1,"0,00727749072119933"
m,1,"0,00727749072119933"
LULW,7,"0,0509424350483953"
LULLUL,1,"0,00727749072119933"
LUL,61,"0,443926933993159"
LuL,3,"0,021832472163598"
lul,2,"0,0145549814423987"
lucky,4,"0,0291099628847973"
luckk,1,"0,00727749072119933"
luck,15,"0,10916236081799"
lower,1,"0,00727749072119933"
low,1,"0,00727749072119933"
Loving,1,"0,00727749072119933"
loves,1,"0,00727749072119933"
Loveless,1,"0,00727749072119933"
loveeeeeeeeeeeee,1,"0,00727749072119933"
love*,1,"0,00727749072119933"
love,6,"0,043664944327196"
LOVE,1,"0,00727749072119933"
Love,1,"0,00727749072119933"
lot,9,"0,065497416490794"
lost,6,"0,043664944327196"
losing,1,"0,00727749072119933"
loses,1,"0,00727749072119933"
loser,1,"0,00727749072119933"
lose,4,"0,0291099628847973"
loose,1,"0,00727749072119933"
loos,1,"0,00727749072119933"
LOOOOOOL,1,"0,00727749072119933"
LOOOOOL,1,"0,00727749072119933"
looks,5,"0,0363874536059967"
look,3,"0,021832472163598"
long,4,"0,0291099628847973"
LOLW,1,"0,00727749072119933"
lolll,2,"0,0145549814423987"
loll,2,"0,0145549814423987"
lol,14,"0,101884870096791"
LOL,1,"0,00727749072119933"
Lol,1,"0,00727749072119933"
located?,1,"0,00727749072119933"
loans,1,"0,00727749072119933"
loadingg,1,"0,00727749072119933"
Lmao,1,"0,00727749072119933"
lmao,1,"0,00727749072119933"
live,1,"0,00727749072119933"
little,3,"0,021832472163598"
lithuania?,1,"0,00727749072119933"
literally,4,"0,0291099628847973"
lit,3,"0,021832472163598"
listened,1,"0,00727749072119933"
listen,1,"0,00727749072119933"
list,2,"0,0145549814423987"
lion,1,"0,00727749072119933"
link,1,"0,00727749072119933"
lines,1,"0,00727749072119933"
lil,12,"0,087329888654392"
LIL,1,"0,00727749072119933"
like,26,"0,189214758751183"
Like,1,"0,00727749072119933"
life,2,"0,0145549814423987"
LFg,1,"0,00727749072119933"
lever,1,"0,00727749072119933"
LEVELLL,1,"0,00727749072119933"
level2,1,"0,00727749072119933"
level,3,"0,021832472163598"
LEVEL,2,"0,0145549814423987"
letys,1,"0,00727749072119933"
letts,1,"0,00727749072119933"
letsgoooo,1,"0,00727749072119933"
letsgooo,1,"0,00727749072119933"
letsgoo,1,"0,00727749072119933"
letsgo,1,"0,00727749072119933"
lets,56,"0,407539480387162"
Lets,8,"0,0582199257695946"
LETS,3,"0,021832472163598"
let's,2,"0,0145549814423987"
Let's,2,"0,0145549814423987"
Let?s,1,"0,00727749072119933"
let?s,1,"0,00727749072119933"
lessgooo,1,"0,00727749072119933"
less,1,"0,00727749072119933"
leprechaun,1,"0,00727749072119933"
lemw,1,"0,00727749072119933"
lego,1,"0,00727749072119933"
legit,3,"0,021832472163598"
legend,1,"0,00727749072119933"
leftt,1,"0,00727749072119933"
left,7,"0,0509424350483953"
lebronJAM,5,"0,0363874536059967"
LebronJAM,1,"0,00727749072119933"
leave,4,"0,0291099628847973"
LEAVE,1,"0,00727749072119933"
least,4,"0,0291099628847973"
Leanin,1,"0,00727749072119933"
LEAKED,1,"0,00727749072119933"
laugh,1,"0,00727749072119933"
lauder,1,"0,00727749072119933"
later,2,"0,0145549814423987"
last,12,"0,087329888654392"
LAST,1,"0,00727749072119933"
Last,1,"0,00727749072119933"
lambo,2,"0,0145549814423987"
ladders,1,"0,00727749072119933"
la?bo,1,"0,00727749072119933"
l,3,"0,021832472163598"
Kreygasm,3,"0,021832472163598"
KomodoHype,2,"0,0145549814423987"
Kobal,1,"0,00727749072119933"
kobal,1,"0,00727749072119933"
knowssssssssss,1,"0,00727749072119933"
knows,5,"0,0363874536059967"
know,9,"0,065497416490794"
knife?,1,"0,00727749072119933"
knew,1,"0,00727749072119933"
kkkk,1,"0,00727749072119933"
kizmo,1,"0,00727749072119933"
KirbDance,42,"0,305654610290372"
king,3,"0,021832472163598"
kinda,3,"0,021832472163598"
kiddin,1,"0,00727749072119933"
kick,1,"0,00727749072119933"
key,1,"0,00727749072119933"
KEKW,16,"0,116439851539189"
kekw,3,"0,021832472163598"
kekbye,1,"0,00727749072119933"
Keepo,2,"0,0145549814423987"
keep,5,"0,0363874536059967"
kebab?,1,"0,00727749072119933"
kazu,2,"0,0145549814423987"
kashi,1,"0,00727749072119933"
Karen,1,"0,00727749072119933"
Kappa,11,"0,0800523979331926"
Kapp,2,"0,0145549814423987"
k,2,"0,0145549814423987"
K,1,"0,00727749072119933"
juyziRoll,1,"0,00727749072119933"
juyziNotLikeThis,1,"0,00727749072119933"
juyziExhausted,1,"0,00727749072119933"
just,44,"0,320209591732771"
juiec,1,"0,00727749072119933"
Juicy?,1,"0,00727749072119933"
juicy,4,"0,0291099628847973"
Juicy,3,"0,021832472163598"
judgement,3,"0,021832472163598"
judge,1,"0,00727749072119933"
Juan?,1,"0,00727749072119933"
jordans,1,"0,00727749072119933"
jooker,1,"0,00727749072119933"
jokin?,1,"0,00727749072119933"
jokin,1,"0,00727749072119933"
joker,8,"0,0582199257695946"
joke,2,"0,0145549814423987"
joined!,1,"0,00727749072119933"
Joeyyy!!,1,"0,00727749072119933"
Joey,1,"0,00727749072119933"
joekr,1,"0,00727749072119933"
jet?,1,"0,00727749072119933"
jesus.,1,"0,00727749072119933"
jesus,2,"0,0145549814423987"
JEJDA,27,"0,196492249472382"
jejda,1,"0,00727749072119933"
Jebaited,2,"0,0145549814423987"
je,1,"0,00727749072119933"
jars?,1,"0,00727749072119933"
jars,1,"0,00727749072119933"
january,1,"0,00727749072119933"
jammin,2,"0,0145549814423987"
jack,1,"0,00727749072119933"
ITTTTTTT,1,"0,00727749072119933"
ittttt,1,"0,00727749072119933"
itttt,1,"0,00727749072119933"
itt,1,"0,00727749072119933"
its,60,"0,43664944327196"
ITS,3,"0,021832472163598"
Its,3,"0,021832472163598"
itll,1,"0,00727749072119933"
items,2,"0,0145549814423987"
item,1,"0,00727749072119933"
ita,1,"0,00727749072119933"
it's,3,"0,021832472163598"
It's,1,"0,00727749072119933"
it,150,"1,0916236081799"
IT,8,"0,0582199257695946"
It,3,"0,021832472163598"
istanbul,2,"0,0145549814423987"
Istanbul,2,"0,0145549814423987"
isnt,1,"0,00727749072119933"
is,114,"0,829633942216724"
IS,6,"0,043664944327196"
iron,1,"0,00727749072119933"
iphone,1,"0,00727749072119933"
iot,1,"0,00727749072119933"
inx,1,"0,00727749072119933"
inventory,1,"0,00727749072119933"
invented,1,"0,00727749072119933"
instead,1,"0,00727749072119933"
instagram,1,"0,00727749072119933"
insaneeee,1,"0,00727749072119933"
insanee,1,"0,00727749072119933"
insane,10,"0,0727749072119933"
info,1,"0,00727749072119933"
indianmizaj,1,"0,00727749072119933"
indian,1,"0,00727749072119933"
India,1,"0,00727749072119933"
increase,1,"0,00727749072119933"
incoming,3,"0,021832472163598"
inc,7,"0,0509424350483953"
inaneeee,1,"0,00727749072119933"
in,87,"0,633141692744342"
IN,2,"0,0145549814423987"
In,1,"0,00727749072119933"
impossible?,1,"0,00727749072119933"
imo,2,"0,0145549814423987"
imi,1,"0,00727749072119933"
imagine,7,"0,0509424350483953"
image,1,"0,00727749072119933"
im,9,"0,065497416490794"
Im,2,"0,0145549814423987"
ILY,1,"0,00727749072119933"
ill,2,"0,0145549814423987"
ignor,1,"0,00727749072119933"
ig,1,"0,00727749072119933"
if,35,"0,254712175241977"
If,1,"0,00727749072119933"
iems,1,"0,00727749072119933"
idk,4,"0,0291099628847973"
idiot,2,"0,0145549814423987"
icecream,1,"0,00727749072119933"
ICANT,2,"0,0145549814423987"
iam,4,"0,0291099628847973"
i'm,4,"0,0291099628847973"
I'm,2,"0,0145549814423987"
I?m,2,"0,0145549814423987"
i,126,"0,916963830871116"
I,36,"0,261989665963176"
HYPERS,5,"0,0363874536059967"
hyperdrop,1,"0,00727749072119933"
Hyperdrop,1,"0,00727749072119933"
HypeHide,3,"0,021832472163598"
HypeHands2,1,"0,00727749072119933"
HypeHands1,1,"0,00727749072119933"
hypeedrop,1,"0,00727749072119933"
hypee,1,"0,00727749072119933"
hypedrop?,2,"0,0145549814423987"
hypedrop,11,"0,0800523979331926"
HYPEDROP,7,"0,0509424350483953"
hype,2,"0,0145549814423987"
HUUUUUUUUGE,1,"0,00727749072119933"
huuuuge,1,"0,00727749072119933"
HUH,24,"0,174659777308784"
huh,1,"0,00727749072119933"
hugeeeeeeeee,1,"0,00727749072119933"
HUGEEEEEEEEE,1,"0,00727749072119933"
hugeee,1,"0,00727749072119933"
hugee,1,"0,00727749072119933"
huge,13,"0,0946073793755913"
HUGE,1,"0,00727749072119933"
https://youtu.be/sWU4i5LEy0M,3,"0,021832472163598"
https://youtu.be/phJYuPmnOzo,1,"0,00727749072119933"
https://www.youtube.com/watch?v=znEWrtGgzQk&t=38s,6,"0,043664944327196"
https://www.youtube.com/watch?v=TlhQyGOpMUU&ab_channel=ZyzzJim,1,"0,00727749072119933"
https://www.youtube.com/watch?v=oNNon23Hy9o&t=2s,2,"0,0145549814423987"
https://open.spotify.com/track/7BMQKWEdSZOZj33Tg2hfGm?si=732fd03d93674026,1,"0,00727749072119933"
https://open.spotify.com/track/7aIb17DMLcOhLJIc9vF6Aa?si=a243c1d84ffd4806,1,"0,00727749072119933"
https://open.spotify.com/track/75HopUonNjhODsl3A3zjcn?si=97042cb52b824778,3,"0,021832472163598"
https://open.spotify.com/track/6Vikw5fDQOlMmxYhVe6f5S?si=ae137f0247184503,1,"0,00727749072119933"
https://open.spotify.com/track/6fvZypedYogb2V4gh4njTn?si=575ef522c75e4f77,2,"0,0145549814423987"
https://open.spotify.com/track/68Dni7IE4VyPkTOH9mRWHr?si=eb4cc289355848c2,1,"0,00727749072119933"
https://open.spotify.com/track/5Zlb01Jcn0Ld49zazzZJSB?si=0160074c60124cc0,1,"0,00727749072119933"
https://open.spotify.com/track/5t1i75ExuS97cGtrbXoQnQ?si=a6ca6ccbbef141eb,1,"0,00727749072119933"
https://open.spotify.com/track/5GCz9BOkt17aI6ZOR3EiUl?si=f1277d37800b42ce,3,"0,021832472163598"
https://open.spotify.com/track/5a8QUc4ubHJqQm7vzs2YhA?si=a2327f8cfff64832,1,"0,00727749072119933"
https://open.spotify.com/track/4S4Mfvv03M1cHgIOJcbUCL?si=e23b6e0b37a94610,1,"0,00727749072119933"
https://open.spotify.com/track/4HTjapO4f4RHkWWYanoZ4e?si=6958307e4de748fb,1,"0,00727749072119933"
https://open.spotify.com/track/4cYefs8w3vzlroSiuPB9Jv?si=8fcc9d81951843a5,1,"0,00727749072119933"
https://open.spotify.com/track/40uMIn2zJLAQhNXghRjBed?si=ddf3a002fced48d4,1,"0,00727749072119933"
https://open.spotify.com/track/3bN0ClUvRz8289XE7tNW0k?si=cce6ef01d1cc4482,1,"0,00727749072119933"
https://open.spotify.com/track/3bN0ClUvRz8289XE7tNW0k?si=28013b3cec2547c1,1,"0,00727749072119933"
https://open.spotify.com/track/3bN0ClUvRz8289XE7tNW0k?si=084286f788d149dd,1,"0,00727749072119933"
https://open.spotify.com/track/33sPNJZxIi4Qq9jy4rACPJ?si=37ca63b1bee049f5,1,"0,00727749072119933"
https://open.spotify.com/track/2WwRYEARla6hnBV6lbPILK?si=854e6b761c9442ec,1,"0,00727749072119933"
https://open.spotify.com/track/2REq597W1UwW66BWqMRfJY?si=a586e4aa933a4ec7,1,"0,00727749072119933"
https://open.spotify.com/track/2REq597W1UwW66BWqMRfJY?si=440d2de68e9443a1,1,"0,00727749072119933"
https://open.spotify.com/track/2mRQNFP4tVPUYSn8l6B1Qx?si=b3cbae921dfb40fd,5,"0,0363874536059967"
https://open.spotify.com/track/275a9yzwGB6ncAW4SxY7q3?si=1e8225e10a724407,2,"0,0145549814423987"
https://open.spotify.com/playlist/37i9dQZF1DWWY64wDtewQt?si=ad28b9c10a494013,1,"0,00727749072119933"
https://open.spotify.com/playlist/378JdtNUstXQrBOOxuv9DX?si=444f7d27f33a462f,1,"0,00727749072119933"
https://open.spotify.com/playlist/31ot9dglNeVWIXwNZ7c3TG?si=13e9be98f55d4300,1,"0,00727749072119933"
https://discord.com/invite/5bspdn2Tff,6,"0,043664944327196"
hp,2,"0,0145549814423987"
hows,1,"0,00727749072119933"
how,20,"0,145549814423987"
How,6,"0,043664944327196"
housee,1,"0,00727749072119933"
house,9,"0,065497416490794"
hours?,1,"0,00727749072119933"
hours,4,"0,0291099628847973"
hour,3,"0,021832472163598"
hot,9,"0,065497416490794"
Hot,5,"0,0363874536059967"
HOT,1,"0,00727749072119933"
hoping,1,"0,00727749072119933"
hope,8,"0,0582199257695946"
hooper,2,"0,0145549814423987"
HOOPER,2,"0,0145549814423987"
honza,1,"0,00727749072119933"
home,7,"0,0509424350483953"
HOME,2,"0,0145549814423987"
holyyyyyyyyyyy,1,"0,00727749072119933"
Holyyy,2,"0,0145549814423987"
holyyy,1,"0,00727749072119933"
holyy,2,"0,0145549814423987"
holy,14,"0,101884870096791"
HOLY,6,"0,043664944327196"
Holy,2,"0,0145549814423987"
holly,1,"0,00727749072119933"
hollly,1,"0,00727749072119933"
hold,4,"0,0291099628847973"
hmmm,3,"0,021832472163598"
hm,2,"0,0145549814423987"
hitttt,1,"0,00727749072119933"
hittt,1,"0,00727749072119933"
hitting,1,"0,00727749072119933"
hittin,1,"0,00727749072119933"
hitt,1,"0,00727749072119933"
hitss,1,"0,00727749072119933"
hits,1,"0,00727749072119933"
hitlets,1,"0,00727749072119933"
hit,20,"0,145549814423987"
his,8,"0,0582199257695946"
him,7,"0,0509424350483953"
hilo,2,"0,0145549814423987"
hiii,3,"0,021832472163598"
hii,6,"0,043664944327196"
higher,3,"0,021832472163598"
high,2,"0,0145549814423987"
hidden,1,"0,00727749072119933"
hi,43,"0,312932101011571"
Hi,5,"0,0363874536059967"
HI,1,"0,00727749072119933"
hhahahah,1,"0,00727749072119933"
heyyy,2,"0,0145549814423987"
heyyo,1,"0,00727749072119933"
heyy,2,"0,0145549814423987"
Heyy,2,"0,0145549814423987"
heyoo,1,"0,00727749072119933"
HeyGuys,17,"0,123717342260389"
hey,15,"0,10916236081799"
Hey,5,"0,0363874536059967"
hes,2,"0,0145549814423987"
hero,1,"0,00727749072119933"
here,7,"0,0509424350483953"
Herdyn,1,"0,00727749072119933"
help,1,"0,00727749072119933"
helou,1,"0,00727749072119933"
heloooooooooo,1,"0,00727749072119933"
helo,1,"0,00727749072119933"
helloo,4,"0,0291099628847973"
hello,52,"0,378429517502365"
Hello,10,"0,0727749072119933"
HELLO,1,"0,00727749072119933"
helllo,1,"0,00727749072119933"
hella,2,"0,0145549814423987"
hell,4,"0,0291099628847973"
Hell,1,"0,00727749072119933"
hehe,4,"0,0291099628847973"
heey,1,"0,00727749072119933"
heaven,1,"0,00727749072119933"
heart,1,"0,00727749072119933"
heard,3,"0,021832472163598"
hear,1,"0,00727749072119933"
he,19,"0,138272323702787"
He,2,"0,0145549814423987"
hd,1,"0,00727749072119933"
hbu,1,"0,00727749072119933"
have,38,"0,276544647405575"
hate,2,"0,0145549814423987"
has,9,"0,065497416490794"
harded,1,"0,00727749072119933"
hardcore,1,"0,00727749072119933"
hard...,1,"0,00727749072119933"
hard,1,"0,00727749072119933"
harbor,2,"0,0145549814423987"
harabyn,1,"0,00727749072119933"
happy,2,"0,0145549814423987"
hands,1,"0,00727749072119933"
handj,1,"0,00727749072119933"
hand,4,"0,0291099628847973"
hallway,1,"0,00727749072119933"
half,1,"0,00727749072119933"
HAHHAHAHAHAHAHAHAHAHAHAAH,1,"0,00727749072119933"
HAHHAHAHAHAHA,1,"0,00727749072119933"
HAHHAAH,1,"0,00727749072119933"
HAHHA,1,"0,00727749072119933"
HAHAHHAHAHAHA,1,"0,00727749072119933"
HAHAHAHHAHAHA,1,"0,00727749072119933"
hahahahhahaa,1,"0,00727749072119933"
HAHAHAHAHHAHAHAHAHAHAHA,1,"0,00727749072119933"
HAHAHAHAHAHAHAHAHAHA,1,"0,00727749072119933"
HAHAHAHAHAHAH,1,"0,00727749072119933"
Hahahahahah,1,"0,00727749072119933"
hahahahaha,1,"0,00727749072119933"
hahahahah,1,"0,00727749072119933"
hahahaha,4,"0,0291099628847973"
HAHAHAHA,1,"0,00727749072119933"
Hahahaha,1,"0,00727749072119933"
hahahah,3,"0,021832472163598"
hahaha,8,"0,0582199257695946"
Hahaha,1,"0,00727749072119933"
hahah,2,"0,0145549814423987"
haha,5,"0,0363874536059967"
had,5,"0,0363874536059967"
hacksaw,3,"0,021832472163598"
haa,2,"0,0145549814423987"
H?T,1,"0,00727749072119933"
h??,1,"0,00727749072119933"
gxyyv,1,"0,00727749072119933"
guyss,5,"0,0363874536059967"
guys,13,"0,0946073793755913"
guy!,1,"0,00727749072119933"
guy,6,"0,043664944327196"
GunRunb,1,"0,00727749072119933"
GunRun,3,"0,021832472163598"
guler?d?,1,"0,00727749072119933"
gulag.,1,"0,00727749072119933"
gulag,14,"0,101884870096791"
Gulag,1,"0,00727749072119933"
guess.,1,"0,00727749072119933"
guess,1,"0,00727749072119933"
gualg,1,"0,00727749072119933"
groceries,1,"0,00727749072119933"
grinder,1,"0,00727749072119933"
Greta,1,"0,00727749072119933"
green,10,"0,0727749072119933"
great,11,"0,0800523979331926"
got,6,"0,043664944327196"
gopddamn,1,"0,00727749072119933"
goooooooooooooooooooooooooooooo,1,"0,00727749072119933"
goooooooooo,1,"0,00727749072119933"
GOOOOOOOO,1,"0,00727749072119933"
goooooooo,1,"0,00727749072119933"
gooooooo,1,"0,00727749072119933"
goooooo,1,"0,00727749072119933"
gOOOOOLL,1,"0,00727749072119933"
goooood,1,"0,00727749072119933"
gooooo,1,"0,00727749072119933"
GOOOOL,1,"0,00727749072119933"
gooool,1,"0,00727749072119933"
goooo,4,"0,0291099628847973"
goood,1,"0,00727749072119933"
gooo,15,"0,10916236081799"
GOOO,1,"0,00727749072119933"
Gool,161,"1,17167600611309"
gool,2,"0,0145549814423987"
googogo,1,"0,00727749072119933"
goofy,1,"0,00727749072119933"
goodluck,2,"0,0145549814423987"
good,64,"0,465759406156757"
Good,2,"0,0145549814423987"
GOOD,1,"0,00727749072119933"
goo,23,"0,167382286587585"
gonna,13,"0,0946073793755913"
golden,4,"0,0291099628847973"
GOLDEN,1,"0,00727749072119933"
gold,2,"0,0145549814423987"
going,7,"0,0509424350483953"
GOING,1,"0,00727749072119933"
goiiiing,1,"0,00727749072119933"
gogogogo,1,"0,00727749072119933"
gogogo,1,"0,00727749072119933"
GOGOGO,1,"0,00727749072119933"
GODNESS,1,"0,00727749072119933"
god,4,"0,0291099628847973"
GOALLL,1,"0,00727749072119933"
goal,2,"0,0145549814423987"
GOAALLLL,1,"0,00727749072119933"
GOAAAL,1,"0,00727749072119933"
go,92,"0,669529146350338"
GO,8,"0,0582199257695946"
Go,1,"0,00727749072119933"
gn,12,"0,087329888654392"
Gn,3,"0,021832472163598"
GN,1,"0,00727749072119933"
gll,1,"0,00727749072119933"
GlitchCat,3,"0,021832472163598"
glglgl,1,"0,00727749072119933"
glgl,10,"0,0727749072119933"
GLGL,1,"0,00727749072119933"
glg,1,"0,00727749072119933"
gladiat?r,1,"0,00727749072119933"
gl,48,"0,349319554617568"
GL,10,"0,0727749072119933"
Gl,1,"0,00727749072119933"
giweaway?,1,"0,00727749072119933"
giving,1,"0,00727749072119933"
gives,1,"0,00727749072119933"
givee,1,"0,00727749072119933"
GIVEAWY,1,"0,00727749072119933"
giveaway?,1,"0,00727749072119933"
giveaway,4,"0,0291099628847973"
give,6,"0,043664944327196"
Give,1,"0,00727749072119933"
girls,1,"0,00727749072119933"
girl,1,"0,00727749072119933"
gimme,1,"0,00727749072119933"
GIGACHAD,2,"0,0145549814423987"
gifts,9,"0,065497416490794"
gift,4,"0,0291099628847973"
Ghosts,1,"0,00727749072119933"
gho,1,"0,00727749072119933"
ggs,11,"0,0800523979331926"
GGOD,1,"0,00727749072119933"
GGGGGGGGGGG,1,"0,00727749072119933"
GGGGGGGGGG,1,"0,00727749072119933"
gggggg,1,"0,00727749072119933"
gg,29,"0,211047230914781"
GG,6,"0,043664944327196"
gf,1,"0,00727749072119933"
getting,2,"0,0145549814423987"
Getta,1,"0,00727749072119933"
get,22,"0,160104795866385"
george,1,"0,00727749072119933"
gemz,2,"0,0145549814423987"
gems,18,"0,130994832981588"
GEMS,2,"0,0145549814423987"
Gayge,2,"0,0145549814423987"
gatessss,1,"0,00727749072119933"
gatess,1,"0,00727749072119933"
gates?,1,"0,00727749072119933"
gates,61,"0,443926933993159"
Gates,5,"0,0363874536059967"
GATES,2,"0,0145549814423987"
gateesss,1,"0,00727749072119933"
gate,3,"0,021832472163598"
Gate,1,"0,00727749072119933"
garanted,5,"0,0363874536059967"
gangrena,2,"0,0145549814423987"
gamomat,2,"0,0145549814423987"
Gaming,1,"0,00727749072119933"
games,1,"0,00727749072119933"
game.,1,"0,00727749072119933"
game,21,"0,152827305145186"
gamdom's,1,"0,00727749072119933"
gamdom,5,"0,0363874536059967"
gambling,4,"0,0291099628847973"
gamblers,1,"0,00727749072119933"
gambler,2,"0,0145549814423987"
gamble,17,"0,123717342260389"
gambe,2,"0,0145549814423987"
gamba,2,"0,0145549814423987"
gamb,1,"0,00727749072119933"
Gains,6,"0,043664944327196"
GabeN,1,"0,00727749072119933"
gaamdom,1,"0,00727749072119933"
ga,1,"0,00727749072119933"
G,3,"0,021832472163598"
g,1,"0,00727749072119933"
fuuuck,1,"0,00727749072119933"
fury,2,"0,0145549814423987"
funny,1,"0,00727749072119933"
fun,1,"0,00727749072119933"
fully,1,"0,00727749072119933"
fullscreen,1,"0,00727749072119933"
full,5,"0,0363874536059967"
fukkin,1,"0,00727749072119933"
fuckkkkkkkkkkkkkkkkk,1,"0,00727749072119933"
FUCKKKKKKKKKK,1,"0,00727749072119933"
FUCKKKKKKKKK,1,"0,00727749072119933"
FUCKING,2,"0,0145549814423987"
fucking,1,"0,00727749072119933"
FUCKIN,1,"0,00727749072119933"
fucker,1,"0,00727749072119933"
fucked,3,"0,021832472163598"
fuck?ng,1,"0,00727749072119933"
fuck,18,"0,130994832981588"
FUCK,2,"0,0145549814423987"
Fuck,1,"0,00727749072119933"
ft,1,"0,00727749072119933"
Frutis,1,"0,00727749072119933"
Fruits,1,"0,00727749072119933"
fruits,1,"0,00727749072119933"
fruit,16,"0,116439851539189"
frst,1,"0,00727749072119933"
from,23,"0,167382286587585"
friend,3,"0,021832472163598"
friday,1,"0,00727749072119933"
frfrp,1,"0,00727749072119933"
frfr,2,"0,0145549814423987"
Free,1,"0,00727749072119933"
free,1,"0,00727749072119933"
frames,2,"0,0145549814423987"
Frames,1,"0,00727749072119933"
fr,236,"1,71748781020304"
FR,2,"0,0145549814423987"
FPS,1,"0,00727749072119933"
found,1,"0,00727749072119933"
fot,1,"0,00727749072119933"
foru,1,"0,00727749072119933"
forsenCD,1,"0,00727749072119933"
forgotten,1,"0,00727749072119933"
forgot,1,"0,00727749072119933"
forget,1,"0,00727749072119933"
forge,8,"0,0582199257695946"
forever,1,"0,00727749072119933"
forest,1,"0,00727749072119933"
for,129,"0,938796303034714"
FOR,2,"0,0145549814423987"
food,1,"0,00727749072119933"
folsom,1,"0,00727749072119933"
fo,1,"0,00727749072119933"
floss,3,"0,021832472163598"
Floss,1,"0,00727749072119933"
floating,1,"0,00727749072119933"
flip,2,"0,0145549814423987"
flight,2,"0,0145549814423987"
flashbacks,1,"0,00727749072119933"
fkkk,1,"0,00727749072119933"
fkfkfkfkkkk,1,"0,00727749072119933"
fk,4,"0,0291099628847973"
fixed,1,"0,00727749072119933"
first,12,"0,087329888654392"
fire,2,"0,0145549814423987"
FIRE,2,"0,0145549814423987"
finish,1,"0,00727749072119933"
fine,5,"0,0363874536059967"
finally?,3,"0,021832472163598"
finally,2,"0,0145549814423987"
fill,1,"0,00727749072119933"
fiesta,3,"0,021832472163598"
Fiesta,2,"0,0145549814423987"
FIESTA,1,"0,00727749072119933"
fidget,1,"0,00727749072119933"
ffffffff,1,"0,00727749072119933"
FF,1,"0,00727749072119933"
few,5,"0,0363874536059967"
FeelsWeirdMan,1,"0,00727749072119933"
FeelsBadMan,7,"0,0509424350483953"
feeling,2,"0,0145549814423987"
feelin,2,"0,0145549814423987"
feel,4,"0,0291099628847973"
fee,1,"0,00727749072119933"
fck?ng,2,"0,0145549814423987"
fck,3,"0,021832472163598"
FBI,1,"0,00727749072119933"
fax,1,"0,00727749072119933"
fav,1,"0,00727749072119933"
fat,2,"0,0145549814423987"
fast,4,"0,0291099628847973"
far?,1,"0,00727749072119933"
far,2,"0,0145549814423987"
fake,2,"0,0145549814423987"
fails,2,"0,0145549814423987"
FACTOR,1,"0,00727749072119933"
fact,1,"0,00727749072119933"
facecam,1,"0,00727749072119933"
f?r,2,"0,0145549814423987"
F,12,"0,087329888654392"
f,7,"0,0509424350483953"
ezzzzzzzzzzz,1,"0,00727749072119933"
ezzzzzz,2,"0,0145549814423987"
ezzzzz,1,"0,00727749072119933"
ezz,3,"0,021832472163598"
EZZ,1,"0,00727749072119933"
EZ,29,"0,211047230914781"
ez,22,"0,160104795866385"
Ez,2,"0,0145549814423987"
eyyy,1,"0,00727749072119933"
EYO,1,"0,00727749072119933"
Eyo,1,"0,00727749072119933"
eyes,1,"0,00727749072119933"
ey,3,"0,021832472163598"
extra,2,"0,0145549814423987"
Extra,1,"0,00727749072119933"
experience,1,"0,00727749072119933"
expensive,3,"0,021832472163598"
expecting,1,"0,00727749072119933"
expectations,1,"0,00727749072119933"
expandiong,1,"0,00727749072119933"
expandingg,1,"0,00727749072119933"
expanding,15,"0,10916236081799"
excuse,1,"0,00727749072119933"
example,1,"0,00727749072119933"
exactly,4,"0,0291099628847973"
everything,2,"0,0145549814423987"
everyone,6,"0,043664944327196"
everyday,1,"0,00727749072119933"
everybodyy,1,"0,00727749072119933"
every,7,"0,0509424350483953"
ever,4,"0,0291099628847973"
eventually,1,"0,00727749072119933"
evening,3,"0,021832472163598"
even,8,"0,0582199257695946"
europe,1,"0,00727749072119933"
escor*,1,"0,00727749072119933"
escaped,1,"0,00727749072119933"
eraySad,2,"0,0145549814423987"
entire,1,"0,00727749072119933"
enough,2,"0,0145549814423987"
enjoy,3,"0,021832472163598"
energy,1,"0,00727749072119933"
end,3,"0,021832472163598"
empty,1,"0,00727749072119933"
email,3,"0,021832472163598"
em?,1,"0,00727749072119933"
em,6,"0,043664944327196"
ELTS,1,"0,00727749072119933"
ELooooooo,1,"0,00727749072119933"
Ello,1,"0,00727749072119933"
el,1,"0,00727749072119933"
eatin,1,"0,00727749072119933"
ears,2,"0,0145549814423987"
early,3,"0,021832472163598"
earlier,1,"0,00727749072119933"
ear,1,"0,00727749072119933"
eah,1,"0,00727749072119933"
each,2,"0,0145549814423987"
e,16,"0,116439851539189"
during,1,"0,00727749072119933"
dunno,1,"0,00727749072119933"
dumbass,1,"0,00727749072119933"
dumass,2,"0,0145549814423987"
dul,3,"0,021832472163598"
duellllll,1,"0,00727749072119933"
duelll,1,"0,00727749072119933"
DUELL,1,"0,00727749072119933"
DUELDUELDUELDUELDUEL,1,"0,00727749072119933"
duel,45,"0,32748708245397"
DUEL,12,"0,087329888654392"
Duel,4,"0,0291099628847973"
duek,1,"0,00727749072119933"
dude,5,"0,0363874536059967"
DUDE,1,"0,00727749072119933"
dud,1,"0,00727749072119933"
duck?,1,"0,00727749072119933"
Dubai?,1,"0,00727749072119933"
dubai,10,"0,0727749072119933"
Dubai,2,"0,0145549814423987"
DUBAI,2,"0,0145549814423987"
du,1,"0,00727749072119933"
ds,2,"0,0145549814423987"
dry,5,"0,0363874536059967"
drop,4,"0,0291099628847973"
drive,2,"0,0145549814423987"
DrewStar23,1,"0,00727749072119933"
dress,1,"0,00727749072119933"
dream,1,"0,00727749072119933"
DRAVEN,1,"0,00727749072119933"
dragon,3,"0,021832472163598"
Dragon,2,"0,0145549814423987"
downgrade,1,"0,00727749072119933"
down,4,"0,0291099628847973"
double,7,"0,0509424350483953"
dork,2,"0,0145549814423987"
dope,1,"0,00727749072119933"
dont,28,"0,203769740193581"
Dont,1,"0,00727749072119933"
done,3,"0,021832472163598"
don't,3,"0,021832472163598"
doma,1,"0,00727749072119933"
dollar,3,"0,021832472163598"
dolars,1,"0,00727749072119933"
doing?,1,"0,00727749072119933"
doing,5,"0,0363874536059967"
doin,2,"0,0145549814423987"
dogshit,1,"0,00727749072119933"
DOGSHIT,1,"0,00727749072119933"
dogs,2,"0,0145549814423987"
dogJAM,18,"0,130994832981588"
doghouse,3,"0,021832472163598"
dog,11,"0,0800523979331926"
doesnt,3,"0,021832472163598"
doesn't,2,"0,0145549814423987"
does,3,"0,021832472163598"
dodge,1,"0,00727749072119933"
docJAM,1,"0,00727749072119933"
do,68,"0,494869369041555"
DO,5,"0,0363874536059967"
Do,3,"0,021832472163598"
dms,2,"0,0145549814423987"
dm,3,"0,021832472163598"
DJ,2,"0,0145549814423987"
dj,1,"0,00727749072119933"
dissapoint,1,"0,00727749072119933"
DISCORD:,6,"0,043664944327196"
discord,2,"0,0145549814423987"
DISCORD,1,"0,00727749072119933"
different,1,"0,00727749072119933"
difference,1,"0,00727749072119933"
died,2,"0,0145549814423987"
die,1,"0,00727749072119933"
didnt,4,"0,0291099628847973"
didn't,2,"0,0145549814423987"
didint,1,"0,00727749072119933"
did,6,"0,043664944327196"
dickwad,1,"0,00727749072119933"
dick,2,"0,0145549814423987"
Dia,1,"0,00727749072119933"
destiny,5,"0,0363874536059967"
depression,1,"0,00727749072119933"
deposited,1,"0,00727749072119933"
depo?,1,"0,00727749072119933"
depo,2,"0,0145549814423987"
denda,1,"0,00727749072119933"
demon,2,"0,0145549814423987"
DEMON,1,"0,00727749072119933"
delivery,1,"0,00727749072119933"
delay,1,"0,00727749072119933"
definitely,2,"0,0145549814423987"
default,1,"0,00727749072119933"
dede0099,1,"0,00727749072119933"
decent.,1,"0,00727749072119933"
decent,2,"0,0145549814423987"
deadwood,1,"0,00727749072119933"
dead,27,"0,196492249472382"
DEAD,5,"0,0363874536059967"
Dead,1,"0,00727749072119933"
ddx,2,"0,0145549814423987"
DD,1,"0,00727749072119933"
days*,1,"0,00727749072119933"
days,2,"0,0145549814423987"
day,13,"0,0946073793755913"
Day,2,"0,0145549814423987"
dauphin,1,"0,00727749072119933"
dasxboot,5,"0,0363874536059967"
DasXboot,1,"0,00727749072119933"
dasxboooot,1,"0,00727749072119933"
dasx,5,"0,0363874536059967"
dasX,3,"0,021832472163598"
dasda,1,"0,00727749072119933"
das,3,"0,021832472163598"
danger,1,"0,00727749072119933"
Dance,2,"0,0145549814423987"
dance,1,"0,00727749072119933"
DAMNNNN,1,"0,00727749072119933"
damnn,1,"0,00727749072119933"
damn,6,"0,043664944327196"
DAMN,1,"0,00727749072119933"
daily,14,"0,101884870096791"
Daily,1,"0,00727749072119933"
da?ly,1,"0,00727749072119933"
D::D:D:D,1,"0,00727749072119933"
D:,2,"0,0145549814423987"
d,1,"0,00727749072119933"
D,1,"0,00727749072119933"
czech?,1,"0,00727749072119933"
cyaa,4,"0,0291099628847973"
cya,9,"0,065497416490794"
cuz,2,"0,0145549814423987"
cut,1,"0,00727749072119933"
cursed,1,"0,00727749072119933"
currently,4,"0,0291099628847973"
cumback,1,"0,00727749072119933"
cumba,2,"0,0145549814423987"
cum,1,"0,00727749072119933"
crw,1,"0,00727749072119933"
cruised,1,"0,00727749072119933"
crown,1,"0,00727749072119933"
cristo?,1,"0,00727749072119933"
crew,6,"0,043664944327196"
create,1,"0,00727749072119933"
Create,1,"0,00727749072119933"
crazy,5,"0,0363874536059967"
Crazy,1,"0,00727749072119933"
crab,1,"0,00727749072119933"
coz,1,"0,00727749072119933"
country,2,"0,0145549814423987"
could,5,"0,0363874536059967"
cost,1,"0,00727749072119933"
COPIUM,4,"0,0291099628847973"
coomer,1,"0,00727749072119933"
cool,3,"0,021832472163598"
convinced,1,"0,00727749072119933"
continue,2,"0,0145549814423987"
connection,1,"0,00727749072119933"
connecting,1,"0,00727749072119933"
connected,2,"0,0145549814423987"
connect,1,"0,00727749072119933"
congrulations,2,"0,0145549814423987"
congratulate,1,"0,00727749072119933"
congrats,3,"0,021832472163598"
completely,1,"0,00727749072119933"
Complaining,1,"0,00727749072119933"
company,3,"0,021832472163598"
Como,1,"0,00727749072119933"
communist,1,"0,00727749072119933"
common,1,"0,00727749072119933"
coming,1,"0,00727749072119933"
comes,1,"0,00727749072119933"
comeon,1,"0,00727749072119933"
comedy,1,"0,00727749072119933"
comeback,9,"0,065497416490794"
come,25,"0,181937268029983"
combined,1,"0,00727749072119933"
coins,1,"0,00727749072119933"
coinager,1,"0,00727749072119933"
coin,1,"0,00727749072119933"
code-confirmations,1,"0,00727749072119933"
code,1,"0,00727749072119933"
co-centre,1,"0,00727749072119933"
cmoooon,2,"0,0145549814423987"
cmooon,4,"0,0291099628847973"
cmoon,4,"0,0291099628847973"
cmonnn,2,"0,0145549814423987"
cmon,7,"0,0509424350483953"
CMON,1,"0,00727749072119933"
cm????n,1,"0,00727749072119933"
Clueless,9,"0,065497416490794"
close..,1,"0,00727749072119933"
close,12,"0,087329888654392"
click,4,"0,0291099628847973"
cleocatra?,1,"0,00727749072119933"
cleocatra,15,"0,10916236081799"
Cleocatra,1,"0,00727749072119933"
cleo.,1,"0,00727749072119933"
cleo,4,"0,0291099628847973"
Cleo,1,"0,00727749072119933"
clear,1,"0,00727749072119933"
clean,1,"0,00727749072119933"
clck,1,"0,00727749072119933"
classix,1,"0,00727749072119933"
classic,4,"0,0291099628847973"
CLASSIC,1,"0,00727749072119933"
class,1,"0,00727749072119933"
clasic,1,"0,00727749072119933"
Clappy,1,"0,00727749072119933"
Clap,5,"0,0363874536059967"
clap,1,"0,00727749072119933"
CLAP,1,"0,00727749072119933"
claimed,1,"0,00727749072119933"
claim,1,"0,00727749072119933"
circulation,1,"0,00727749072119933"
Cinkancka,1,"0,00727749072119933"
Cinkacka,22,"0,160104795866385"
cigs,2,"0,0145549814423987"
chvoj99,1,"0,00727749072119933"
chus,1,"0,00727749072119933"
chrizz,1,"0,00727749072119933"
christmas,13,"0,0946073793755913"
CHRISTMAS,2,"0,0145549814423987"
Christmas,1,"0,00727749072119933"
chris,1,"0,00727749072119933"
chous,2,"0,0145549814423987"
chillin,1,"0,00727749072119933"
chill,5,"0,0363874536059967"
chestnut,1,"0,00727749072119933"
chellange?,1,"0,00727749072119933"
chellange,1,"0,00727749072119933"
Cheer100,2,"0,0145549814423987"
check,6,"0,043664944327196"
cheater,1,"0,00727749072119933"
CHATTT,1,"0,00727749072119933"
chat,7,"0,0509424350483953"
charm,9,"0,065497416490794"
charger,1,"0,00727749072119933"
chaoss,1,"0,00727749072119933"
Chaos,2,"0,0145549814423987"
chaos,1,"0,00727749072119933"
channel,1,"0,00727749072119933"
changer?,1,"0,00727749072119933"
chandelier,1,"0,00727749072119933"
chance?,1,"0,00727749072119933"
chance,5,"0,0363874536059967"
chair,2,"0,0145549814423987"
cg,3,"0,021832472163598"
Cg,1,"0,00727749072119933"
cet,1,"0,00727749072119933"
centrum,1,"0,00727749072119933"
centre,1,"0,00727749072119933"
central,1,"0,00727749072119933"
center,1,"0,00727749072119933"
cent,4,"0,0291099628847973"
celo,1,"0,00727749072119933"
cee,1,"0,00727749072119933"
cchest,1,"0,00727749072119933"
cayaa,1,"0,00727749072119933"
cause,2,"0,0145549814423987"
cats,1,"0,00727749072119933"
catJam,7,"0,0509424350483953"
catJAM,5,"0,0363874536059967"
catjam,1,"0,00727749072119933"
cat,4,"0,0291099628847973"
casualty,1,"0,00727749072119933"
casino,3,"0,021832472163598"
cashout?,1,"0,00727749072119933"
cashout,5,"0,0363874536059967"
CASHOUT,1,"0,00727749072119933"
cases,1,"0,00727749072119933"
case,5,"0,0363874536059967"
CAROOOOOOOL,1,"0,00727749072119933"
carooooool,1,"0,00727749072119933"
carol....,1,"0,00727749072119933"
carol...,1,"0,00727749072119933"
carol?,1,"0,00727749072119933"
carol,2,"0,0145549814423987"
CAROL,1,"0,00727749072119933"
Carnival,1,"0,00727749072119933"
carnaval,1,"0,00727749072119933"
carefulk,1,"0,00727749072119933"
care,4,"0,0291099628847973"
car?,1,"0,00727749072119933"
car,2,"0,0145549814423987"
cap,3,"0,021832472163598"
CAP,1,"0,00727749072119933"
cant,2,"0,0145549814423987"
cancer,1,"0,00727749072119933"
canary,1,"0,00727749072119933"
can't,1,"0,00727749072119933"
can,49,"0,356597045338767"
Can,2,"0,0145549814423987"
camon,1,"0,00727749072119933"
came,2,"0,0145549814423987"
cam?,1,"0,00727749072119933"
CALP,1,"0,00727749072119933"
calls,1,"0,00727749072119933"
calling,1,"0,00727749072119933"
called,2,"0,0145549814423987"
call,5,"0,0363874536059967"
CAAAAT,1,"0,00727749072119933"
C?ncer,1,"0,00727749072119933"
byeeee,1,"0,00727749072119933"
Byeee,1,"0,00727749072119933"
BYEEE,1,"0,00727749072119933"
bye,2,"0,0145549814423987"
by,2,"0,0145549814423987"
bvushido,1,"0,00727749072119933"
buyyy,1,"0,00727749072119933"
buyy,1,"0,00727749072119933"
buys,3,"0,021832472163598"
buying?,1,"0,00727749072119933"
buying,2,"0,0145549814423987"
buyin,1,"0,00727749072119933"
buy..,1,"0,00727749072119933"
buy.,1,"0,00727749072119933"
buy,66,"0,480314387599156"
BUY,2,"0,0145549814423987"
bux,1,"0,00727749072119933"
butterfly,1,"0,00727749072119933"
but...,1,"0,00727749072119933"
but,34,"0,247434684520777"
But,2,"0,0145549814423987"
business,1,"0,00727749072119933"
bushido,2,"0,0145549814423987"
bushgido,1,"0,00727749072119933"
bullet,1,"0,00727749072119933"
build,1,"0,00727749072119933"
buffaloo,1,"0,00727749072119933"
buffalo,15,"0,10916236081799"
Buffalo,1,"0,00727749072119933"
buddy,2,"0,0145549814423987"
btw,7,"0,0509424350483953"
bsck,1,"0,00727749072119933"
bruhhhhhhhhhhhhhhhhhhh,1,"0,00727749072119933"
bruh,7,"0,0509424350483953"
BRUH,1,"0,00727749072119933"
brppppppp,1,"0,00727749072119933"
Brothers,1,"0,00727749072119933"
brother1,1,"0,00727749072119933"
brother.,1,"0,00727749072119933"
brother?,1,"0,00727749072119933"
brother,2,"0,0145549814423987"
brotha,1,"0,00727749072119933"
broskiiiii,1,"0,00727749072119933"
broski,2,"0,0145549814423987"
brooooooo,1,"0,00727749072119933"
brooooo,1,"0,00727749072119933"
broooo,1,"0,00727749072119933"
brooo,1,"0,00727749072119933"
broo,2,"0,0145549814423987"
broke,2,"0,0145549814423987"
broads,1,"0,00727749072119933"
bro,62,"0,451204424714359"
Bro,5,"0,0363874536059967"
BRO,1,"0,00727749072119933"
breakfast,1,"0,00727749072119933"
break,1,"0,00727749072119933"
Brb,1,"0,00727749072119933"
brainded,1,"0,00727749072119933"
brain,1,"0,00727749072119933"
braiin,1,"0,00727749072119933"
bozo,1,"0,00727749072119933"
boyz,1,"0,00727749072119933"
boys,7,"0,0509424350483953"
boy,2,"0,0145549814423987"
boxes?,1,"0,00727749072119933"
boxes,1,"0,00727749072119933"
box,4,"0,0291099628847973"
bowerly,1,"0,00727749072119933"
bought,3,"0,021832472163598"
bottom,1,"0,00727749072119933"
both,6,"0,043664944327196"
boring,1,"0,00727749072119933"
boot,1,"0,00727749072119933"
Booster,1,"0,00727749072119933"
boost,1,"0,00727749072119933"
booomb,1,"0,00727749072119933"
book,1,"0,00727749072119933"
BOOBA,1,"0,00727749072119933"
bonusss,2,"0,0145549814423987"
bonuss,18,"0,130994832981588"
bonusnotbad,1,"0,00727749072119933"
bonuses?,1,"0,00727749072119933"
bonuses,2,"0,0145549814423987"
bonuse,1,"0,00727749072119933"
bonus?,2,"0,0145549814423987"
bonus,39,"0,283822138126774"
Bonus,1,"0,00727749072119933"
BONUS,1,"0,00727749072119933"
bonanza,13,"0,0946073793755913"
BONANZA,1,"0,00727749072119933"
bombss,1,"0,00727749072119933"
bombs,5,"0,0363874536059967"
bomb,1,"0,00727749072119933"
Boenas,1,"0,00727749072119933"
bo?nus,1,"0,00727749072119933"
bnus,1,"0,00727749072119933"
bnouss,1,"0,00727749072119933"
blue,2,"0,0145549814423987"
blown,1,"0,00727749072119933"
BloodTrail,3,"0,021832472163598"
block,1,"0,00727749072119933"
blobDance,4,"0,0291099628847973"
blance,1,"0,00727749072119933"
blacklist,2,"0,0145549814423987"
blackjack,2,"0,0145549814423987"
black,2,"0,0145549814423987"
bl,1,"0,00727749072119933"
bj,8,"0,0582199257695946"
BJ,2,"0,0145549814423987"
bitcoin,1,"0,00727749072119933"
bitch,2,"0,0145549814423987"
bit,2,"0,0145549814423987"
biscuit,1,"0,00727749072119933"
billions,1,"0,00727749072119933"
billion,1,"0,00727749072119933"
biiiig,1,"0,00727749072119933"
biig,1,"0,00727749072119933"
biggest,1,"0,00727749072119933"
biggerbass,1,"0,00727749072119933"
bigger,2,"0,0145549814423987"
bigg,1,"0,00727749072119933"
bigballs,1,"0,00727749072119933"
big,18,"0,130994832981588"
BIG,5,"0,0363874536059967"
Big,3,"0,021832472163598"
BibleThump,4,"0,0291099628847973"
better,9,"0,065497416490794"
bette,1,"0,00727749072119933"
bet?,2,"0,0145549814423987"
bet,17,"0,123717342260389"
best,12,"0,087329888654392"
Best,1,"0,00727749072119933"
benny,1,"0,00727749072119933"
Benger,1,"0,00727749072119933"
believe,1,"0,00727749072119933"
BELIEVE,1,"0,00727749072119933"
being,3,"0,021832472163598"
beggar,1,"0,00727749072119933"
beg,1,"0,00727749072119933"
before,1,"0,00727749072119933"
beev,1,"0,00727749072119933"
beer,1,"0,00727749072119933"
been,1,"0,00727749072119933"
beeast,1,"0,00727749072119933"
because,2,"0,0145549814423987"
beautiful,1,"0,00727749072119933"
beast,31,"0,225602212357179"
BEAST,6,"0,043664944327196"
Beast,1,"0,00727749072119933"
beasst,1,"0,00727749072119933"
be,40,"0,291099628847973"
BE,1,"0,00727749072119933"
bc,1,"0,00727749072119933"
bb,3,"0,021832472163598"
battles,1,"0,00727749072119933"
battle..,1,"0,00727749072119933"
battle,4,"0,0291099628847973"
BATTLE,1,"0,00727749072119933"
bass,1,"0,00727749072119933"
basis,1,"0,00727749072119933"
basegame...duel,1,"0,00727749072119933"
base,5,"0,0363874536059967"
baron,1,"0,00727749072119933"
barking,3,"0,021832472163598"
bark,10,"0,0727749072119933"
banned.....,1,"0,00727749072119933"
banned,1,"0,00727749072119933"
bank,1,"0,00727749072119933"
banger,4,"0,0291099628847973"
bang,2,"0,0145549814423987"
banboo,1,"0,00727749072119933"
bananas,1,"0,00727749072119933"
ban,1,"0,00727749072119933"
bamboooo,1,"0,00727749072119933"
bambooo,1,"0,00727749072119933"
bamboo,38,"0,276544647405575"
Bamboo,4,"0,0291099628847973"
BAMBOO,3,"0,021832472163598"
BAMBO,1,"0,00727749072119933"
bambo,1,"0,00727749072119933"
Bambii,1,"0,00727749072119933"
balls,10,"0,0727749072119933"
BALLS,1,"0,00727749072119933"
ball,1,"0,00727749072119933"
balance,6,"0,043664944327196"
BALANCE,6,"0,043664944327196"
Balance,1,"0,00727749072119933"
baiting,1,"0,00727749072119933"
baited,1,"0,00727749072119933"
bait,4,"0,0291099628847973"
bahams,1,"0,00727749072119933"
BAHAMS,1,"0,00727749072119933"
bahamas?,1,"0,00727749072119933"
bahama,1,"0,00727749072119933"
bags?,1,"0,00727749072119933"
badly,1,"0,00727749072119933"
badges,1,"0,00727749072119933"
bad,22,"0,160104795866385"
backk,1,"0,00727749072119933"
back2back,1,"0,00727749072119933"
back?,1,"0,00727749072119933"
back,20,"0,145549814423987"
baby,1,"0,00727749072119933"
baaaf,1,"0,00727749072119933"
baaaaaf,1,"0,00727749072119933"
b2b,1,"0,00727749072119933"
b*tches?,1,"0,00727749072119933"
B),2,"0,0145549814423987"
b?g,6,"0,043664944327196"
ayy,1,"0,00727749072119933"
ayo,3,"0,021832472163598"
AYO,1,"0,00727749072119933"
awesome,1,"0,00727749072119933"
Aware,6,"0,043664944327196"
awake,1,"0,00727749072119933"
aviator,1,"0,00727749072119933"
audience,1,"0,00727749072119933"
AUDI,1,"0,00727749072119933"
attention,1,"0,00727749072119933"
ATLEAST,1,"0,00727749072119933"
atleas,1,"0,00727749072119933"
atlanta,1,"0,00727749072119933"
at,21,"0,152827305145186"
aswell?,1,"0,00727749072119933"
aswell,1,"0,00727749072119933"
ass,3,"0,021832472163598"
asomgkaos,1,"0,00727749072119933"
asmr,2,"0,0145549814423987"
asked,2,"0,0145549814423987"
ask,4,"0,0291099628847973"
asia,1,"0,00727749072119933"
asdjkabnsjkdnasjkdasd,1,"0,00727749072119933"
asdasdasdas,1,"0,00727749072119933"
asap,1,"0,00727749072119933"
as,8,"0,0582199257695946"
As,1,"0,00727749072119933"
arrested,1,"0,00727749072119933"
around,2,"0,0145549814423987"
ARMY,1,"0,00727749072119933"
army,1,"0,00727749072119933"
argentina,1,"0,00727749072119933"
arent,1,"0,00727749072119933"
arena,1,"0,00727749072119933"
are,42,"0,305654610290372"
Are,4,"0,0291099628847973"
ARE,1,"0,00727749072119933"
arc,1,"0,00727749072119933"
apples,1,"0,00727749072119933"
app?,1,"0,00727749072119933"
apop,1,"0,00727749072119933"
apog,1,"0,00727749072119933"
apex?,1,"0,00727749072119933"
apex,4,"0,0291099628847973"
Apex,2,"0,0145549814423987"
apartment,1,"0,00727749072119933"
anyway,2,"0,0145549814423987"
anything,4,"0,0291099628847973"
ANYTHING,2,"0,0145549814423987"
anymore,1,"0,00727749072119933"
any,2,"0,0145549814423987"
Anubis?,1,"0,00727749072119933"
anubis?,1,"0,00727749072119933"
anubis,22,"0,160104795866385"
Anubis,3,"0,021832472163598"
anthem,1,"0,00727749072119933"
anothore,1,"0,00727749072119933"
another,9,"0,065497416490794"
Another,1,"0,00727749072119933"
AnkaraMessi,2,"0,0145549814423987"
ani,1,"0,00727749072119933"
angel,2,"0,0145549814423987"
ANELE,1,"0,00727749072119933"
andypsMochuelada,4,"0,0291099628847973"
andy,1,"0,00727749072119933"
andrew,2,"0,0145549814423987"
andamos,1,"0,00727749072119933"
and,77,"0,560366785532348"
And,1,"0,00727749072119933"
AND,1,"0,00727749072119933"
an,3,"0,021832472163598"
amx,1,"0,00727749072119933"
amout,1,"0,00727749072119933"
AMOURANTH,1,"0,00727749072119933"
amazing,2,"0,0145549814423987"
am,6,"0,043664944327196"
always,12,"0,087329888654392"
also??,1,"0,00727749072119933"
also,4,"0,0291099628847973"
already?,2,"0,0145549814423987"
already,10,"0,0727749072119933"
Already,1,"0,00727749072119933"
alone?,1,"0,00727749072119933"
ALO,3,"0,021832472163598"
almost,4,"0,0291099628847973"
allready,1,"0,00727749072119933"
alll,1,"0,00727749072119933"
allin,1,"0,00727749072119933"
all,74,"0,53853431336875"
ALL,4,"0,0291099628847973"
All,3,"0,021832472163598"
Aliens,1,"0,00727749072119933"
AlienPls3,1,"0,00727749072119933"
AlienPls1,1,"0,00727749072119933"
AlienDance,1,"0,00727749072119933"
airport,3,"0,021832472163598"
Aintnoway,1,"0,00727749072119933"
aint,1,"0,00727749072119933"
ahve,1,"0,00727749072119933"
ahoes,1,"0,00727749072119933"
ahhh,2,"0,0145549814423987"
ahhahahha,1,"0,00727749072119933"
ahhahaha,1,"0,00727749072119933"
ahhaa,1,"0,00727749072119933"
ahh,1,"0,00727749072119933"
ahahahahha,1,"0,00727749072119933"
ahahahahaha,1,"0,00727749072119933"
Ahahah,1,"0,00727749072119933"
ahaha,2,"0,0145549814423987"
ah,2,"0,0145549814423987"
againn,1,"0,00727749072119933"
again.,1,"0,00727749072119933"
again?,1,"0,00727749072119933"
again,30,"0,21832472163598"
Again,1,"0,00727749072119933"
AGAIN,1,"0,00727749072119933"
after?,1,"0,00727749072119933"
after,5,"0,0363874536059967"
After,1,"0,00727749072119933"
afraid,2,"0,0145549814423987"
affects,1,"0,00727749072119933"
af,2,"0,0145549814423987"
adds,1,"0,00727749072119933"
addicted,1,"0,00727749072119933"
actualy,1,"0,00727749072119933"
actually,9,"0,065497416490794"
actual,1,"0,00727749072119933"
activete,1,"0,00727749072119933"
active,2,"0,0145549814423987"
Active,1,"0,00727749072119933"
Activate,1,"0,00727749072119933"
ACES?,1,"0,00727749072119933"
aces,1,"0,00727749072119933"
ace,2,"0,0145549814423987"
account?,1,"0,00727749072119933"
accomodation,1,"0,00727749072119933"
absolutely,1,"0,00727749072119933"
about,8,"0,0582199257695946"
able,1,"0,00727749072119933"
aaah,1,"0,00727749072119933"
A?,1,"0,00727749072119933"
a,75,"0,54581180408995"
A,3,"0,021832472163598"
97%,1,"0,00727749072119933"
9:30am?,1,"0,00727749072119933"
8x25$,6,"0,043664944327196"
8x,1,"0,00727749072119933"
8k,2,"0,0145549814423987"
800x,1,"0,00727749072119933"
8$,1,"0,00727749072119933"
700s,1,"0,00727749072119933"
650x,1,"0,00727749072119933"
600?,1,"0,00727749072119933"
5th,6,"0,043664944327196"
5k,4,"0,0291099628847973"
5K,1,"0,00727749072119933"
5Head,1,"0,00727749072119933"
5HEAD,1,"0,00727749072119933"
54$,1,"0,00727749072119933"
50x,1,"0,00727749072119933"
50min,1,"0,00727749072119933"
50k,3,"0,021832472163598"
500$,1,"0,00727749072119933"
5$,3,"0,021832472163598"
5?,1,"0,00727749072119933"
4th,3,"0,021832472163598"
4K,2,"0,0145549814423987"
4k,1,"0,00727749072119933"
4am,1,"0,00727749072119933"
45$,1,"0,00727749072119933"
420$,1,"0,00727749072119933"
420?,1,"0,00727749072119933"
4000k,1,"0,00727749072119933"
4000K,1,"0,00727749072119933"
400$,3,"0,021832472163598"
400*,1,"0,00727749072119933"
400?,2,"0,0145549814423987"
400?,1,"0,00727749072119933"
4$,2,"0,0145549814423987"
4-5$,1,"0,00727749072119933"
3x,1,"0,00727749072119933"
3rdd,1,"0,00727749072119933"
3rd,4,"0,0291099628847973"
3k,2,"0,0145549814423987"
3K,2,"0,0145549814423987"
350$,1,"0,00727749072119933"
33k,1,"0,00727749072119933"
30minutes,1,"0,00727749072119933"
30k,1,"0,00727749072119933"
300x,1,"0,00727749072119933"
300?,1,"0,00727749072119933"
3.3K,1,"0,00727749072119933"
2x?s,1,"0,00727749072119933"
2x,11,"0,0800523979331926"
2vs,1,"0,00727749072119933"
2V2,1,"0,00727749072119933"
2nd,1,"0,00727749072119933"
2k,7,"0,0509424350483953"
2K,1,"0,00727749072119933"
25bucks,1,"0,00727749072119933"
25$,2,"0,0145549814423987"
25?,1,"0,00727749072119933"
24x,1,"0,00727749072119933"
24k,1,"0,00727749072119933"
240$,1,"0,00727749072119933"
23-28,1,"0,00727749072119933"
22$-60$,1,"0,00727749072119933"
20x,1,"0,00727749072119933"
20multi,1,"0,00727749072119933"
20min,1,"0,00727749072119933"
20k,1,"0,00727749072119933"
200$??,1,"0,00727749072119933"
200?,5,"0,0363874536059967"
200?,1,"0,00727749072119933"
2.9k,1,"0,00727749072119933"
2.9K,1,"0,00727749072119933"
1x1,1,"0,00727749072119933"
1x,3,"0,021832472163598"
1usd,1,"0,00727749072119933"
1st,2,"0,0145549814423987"
1more,2,"0,0145549814423987"
1mm,1,"0,00727749072119933"
1k?,1,"0,00727749072119933"
1k,17,"0,123717342260389"
1K,7,"0,0509424350483953"
17.000?,1,"0,00727749072119933"
16y.o,1,"0,00727749072119933"
167??,1,"0,00727749072119933"
16$,1,"0,00727749072119933"
15K,1,"0,00727749072119933"
14?,1,"0,00727749072119933"
13x,1,"0,00727749072119933"
12x,1,"0,00727749072119933"
1200?,1,"0,00727749072119933"
120$,1,"0,00727749072119933"
10wild,1,"0,00727749072119933"
10pm,1,"0,00727749072119933"
10kx,1,"0,00727749072119933"
10k,4,"0,0291099628847973"
105k,1,"0,00727749072119933"
100x,3,"0,021832472163598"
100k?,1,"0,00727749072119933"
100K,1,"0,00727749072119933"
10000x,1,"0,00727749072119933"
1000$,1,"0,00727749072119933"
1000?,1,"0,00727749072119933"
100$,1,"0,00727749072119933"
100%,3,"0,021832472163598"
10$?,1,"0,00727749072119933"
10:50,1,"0,00727749072119933"
1$,2,"0,0145549814423987"
1.2k,1,"0,00727749072119933"
0x,2,"0,0145549814423987"
0.20$,2,"0,0145549814423987"
0.0001%,1,"0,00727749072119933"
$uicideboy$,1,"0,00727749072119933"
$90.000,1,"0,00727749072119933"
$500,2,"0,0145549814423987"
$40,1,"0,00727749072119933"
$300,1,"0,00727749072119933"
$2000,2,"0,0145549814423987"
$150,1,"0,00727749072119933"
$,4,"0,0291099628847973"
=,5,"0,0363874536059967"
<3,21,"0,152827305145186"
+-,1,"0,00727749072119933"
+,4,"0,0291099628847973"
%97,1,"0,00727749072119933"
%1,1,"0,00727749072119933"
#NOMBRE?,1,"0,00727749072119933"
*,1,"0,00727749072119933"
@zwi0pz,2,"0,0145549814423987"
@yyKassu,2,"0,0145549814423987"
@xerrifer,3,"0,021832472163598"
@xeriffer,46,"0,334764573175169"
@xeri,6,"0,043664944327196"
@turkishmizaj,13,"0,0946073793755913"
@TetaUwU,3,"0,021832472163598"
@strix_daniel,1,"0,00727749072119933"
@Strangechol,1,"0,00727749072119933"
@SST0MSSSS,2,"0,0145549814423987"
@sandzhaar_lv,1,"0,00727749072119933"
@Rozkii,6,"0,043664944327196"
@refusingmonkey,1,"0,00727749072119933"
@randysi,1,"0,00727749072119933"
@princetobo3,4,"0,0291099628847973"
@[Menci√≥n Directa],68,"0,494869369041555"
@[menci√≥n directa],10,"0,0727749072119933"
@Pata1G,5,"0,0363874536059967"
@pata1g,1,"0,00727749072119933"
@OndraFifin,1,"0,00727749072119933"
@olivercito3,1,"0,00727749072119933"
@niman999,1,"0,00727749072119933"
@NessTTaa,2,"0,0145549814423987"
@Nasty152,2,"0,0145549814423987"
@MrLesk,1,"0,00727749072119933"
@Mischelloart,2,"0,0145549814423987"
@milujutekamobracho1,5,"0,0363874536059967"
@michko,8,"0,0582199257695946"
@mechull11,1,"0,00727749072119933"
@me2x,1,"0,00727749072119933"
@mays_293,1,"0,00727749072119933"
@Matistv,2,"0,0145549814423987"
@marcinkrekk,3,"0,021832472163598"
@maikstaisons,2,"0,0145549814423987"
@kkashi_bk,1,"0,00727749072119933"
@karamokabamba,2,"0,0145549814423987"
@jonathanlarda,1,"0,00727749072119933"
@jinjou7,1,"0,00727749072119933"
@jameslinkk,2,"0,0145549814423987"
@jacksonjej,1,"0,00727749072119933"
@Infecteddd22,4,"0,0291099628847973"
@harabyn,3,"0,021832472163598"
@fantousek,1,"0,00727749072119933"
@dWolf_J,2,"0,0145549814423987"
@ddrxxfante,5,"0,0363874536059967"
@Davsick,1,"0,00727749072119933"
@dauphinn7,5,"0,0363874536059967"
@Crattisyde77,1,"0,00727749072119933"
@blueBerry_suBB,1,"0,00727749072119933"
@bencristova0,2,"0,0145549814423987"
@BenCristova0,2,"0,0145549814423987"
@Atreyo4FUN,1,"0,00727749072119933"
@AlumiiiLight,2,"0,0145549814423987"
@alumiiilight,1,"0,00727749072119933"
@adiOs32,1,"0,00727749072119933"
@adas334cz,4,"0,0291099628847973"
@adaquizel_,5,"0,0363874536059967"
@4rc44,2,"0,0145549814423987"
),2,"0,0145549814423987"
(,1,"0,00727749072119933"
"""phonky",1,"0,00727749072119933"
"""Christmas",1,"0,00727749072119933"
.......,2,"0,0145549814423987"
..,2,"0,0145549814423987"
.,3,"0,021832472163598"
?z,1,"0,00727749072119933"
?store,1,"0,00727749072119933"
?ol,1,"0,00727749072119933"
?nubis,1,"0,00727749072119933"
?n,3,"0,021832472163598"
?ASGOASMKGOasKM,1,"0,00727749072119933"
?asda,1,"0,00727749072119933"
?167,1,"0,00727749072119933"
???????????????????????,1,"0,00727749072119933"
?????????????,1,"0,00727749072119933"
????????,1,"0,00727749072119933"
???????,1,"0,00727749072119933"
????,3,"0,021832472163598"
???,5,"0,0363874536059967"
??,65,"0,473036896877956"
?,58,"0,422094461829561"
!yt,1,"0,00727749072119933"
!youtube,1,"0,00727749072119933"
!xeri,2,"0,0145549814423987"
!watchtime,5,"0,0363874536059967"
!store,6,"0,043664944327196"
!sptre,1,"0,00727749072119933"
!song,1,"0,00727749072119933"
!points,10,"0,0727749072119933"
!poinst,1,"0,00727749072119933"
!last,1,"0,00727749072119933"
!future,2,"0,0145549814423987"
!followage,1,"0,00727749072119933"
!eng,2,"0,0145549814423987"
!discord,5,"0,0363874536059967"
!commision,1,"0,00727749072119933"
!bonus,1,"0,00727749072119933"
!bl,3,"0,021832472163598"
!addpoints,6,"0,043664944327196"
!!!,1,"0,00727749072119933"
!,6,"0,043664944327196"
:tf:,28,"0,203769740193581"
:S,1,"0,00727749072119933"
:papa,1,"0,00727749072119933"
:P,1,"0,00727749072119933"
:O,3,"0,021832472163598"
:DDDDDDDDDDDDD,1,"0,00727749072119933"
:DDDDDDDDDD,2,"0,0145549814423987"
:DDDDDD,1,"0,00727749072119933"
:DDD,1,"0,00727749072119933"
:D,47,"0,342042063896368"
:0,1,"0,00727749072119933"
:/,1,"0,00727749072119933"
:))),1,"0,00727749072119933"
:),24,"0,174659777308784"
:(,20,"0,145549814423987"
:,3,"0,021832472163598"
-2k?,1,"0,00727749072119933"
-_-,2,"0,0145549814423987"
-,2,"0,0145549814423987"
_),1,"0,00727749072119933"
________,1,"0,00727749072119933"
 ,56,"0,407539480387162"
7000,1,"0,00727749072119933"
6000,1,"0,00727749072119933"
5000,2,"0,0145549814423987"
2400,1,"0,00727749072119933"
1900,1,"0,00727749072119933"
1600,1,"0,00727749072119933"
1500,2,"0,0145549814423987"
1200,2,"0,0145549814423987"
1050,1,"0,00727749072119933"
1000,6,"0,043664944327196"
800,10,"0,0727749072119933"
750,1,"0,00727749072119933"
700,6,"0,043664944327196"
615,1,"0,00727749072119933"
600,7,"0,0509424350483953"
500,13,"0,0946073793755913"
420,6,"0,043664944327196"
409,1,"0,00727749072119933"
400,21,"0,152827305145186"
370,1,"0,00727749072119933"
300,4,"0,0291099628847973"
280,1,"0,00727749072119933"
200,6,"0,043664944327196"
150,3,"0,021832472163598"
140,1,"0,00727749072119933"
130,1,"0,00727749072119933"
100,5,"0,0363874536059967"
75,1,"0,00727749072119933"
69,5,"0,0363874536059967"
63,1,"0,00727749072119933"
60,1,"0,00727749072119933"
56,1,"0,00727749072119933"
50,7,"0,0509424350483953"
49,1,"0,00727749072119933"
40,2,"0,0145549814423987"
33,1,"0,00727749072119933"
31,1,"0,00727749072119933"
30,1,"0,00727749072119933"
26,1,"0,00727749072119933"
25,5,"0,0363874536059967"
"23,12",1,"0,00727749072119933"
20,8,"0,0582199257695946"
19,1,"0,00727749072119933"
18,1,"0,00727749072119933"
18,1,"0,00727749072119933"
16,1,"0,00727749072119933"
14,2,"0,0145549814423987"
12,3,"0,021832472163598"
10,13,"0,0946073793755913"
8,11,"0,0800523979331926"
7,5,"0,0363874536059967"
6,6,"0,043664944327196"
5,7,"0,0509424350483953"
"4,2",1,"0,00727749072119933"
4,4,"0,0291099628847973"
3,18,"0,130994832981588"
"2,6",4,"0,0291099628847973"
2,17,"0,123717342260389"
2,1,"0,00727749072119933"
"1,8",1,"0,00727749072119933"
1,130,"0,946073793755913"
1,3,"0,021832472163598"
1,3,"0,021832472163598"
"0,6",1,"0,00727749072119933"
"0,5",1,"0,00727749072119933"
"0,2",1,"0,00727749072119933"
0,2,"0,0145549814423987"
-400,1,"0,00727749072119933"
-700,1,"0,00727749072119933"
